game_id,pfr_game_id,season,week,game_type,team,opponent,pfr_player_name,pfr_player_id,def_ints,def_targets,def_completions_allowed,def_completion_pct,def_yards_allowed,def_yards_allowed_per_cmp,def_yards_allowed_per_tgt,def_receiving_td_allowed,def_passer_rating_allowed,def_adot,def_air_yards_completed,def_yards_after_catch,def_times_blitzed,def_times_hurried,def_times_hitqb,def_sacks,def_pressures,def_tackles_combined,def_missed_tackles,def_missed_tackle_pct
2024_01_BAL_KC,202409050kan,2024,1,REG,KC,BAL,Nick Bolton,BoltNi00,0,5,5,1,85,17,17,1,158.3,3.4,17,68,3,0,0,0,0,7,2,0.222
2024_01_BAL_KC,202409050kan,2024,1,REG,KC,BAL,Jaylen Watson,WatsJa02,0,7,5,0.714,53,10.6,7.6,0,93.2,12.3,22,31,1,0,0,0,0,11,0,0
2024_01_BAL_KC,202409050kan,2024,1,REG,KC,BAL,Chamarri Conner,ConnCh01,0,8,5,0.625,25,5,3.1,0,67.2,2.8,-12,37,1,0,0,0,0,6,3,0.333
2024_01_BAL_KC,202409050kan,2024,1,REG,KC,BAL,Bryan Cook,CookBr02,0,4,3,0.75,59,19.7,14.8,0,116.7,15.8,53,6,0,0,0,0,0,6,1,0.143
2024_01_BAL_KC,202409050kan,2024,1,REG,KC,BAL,Justin Reid,ReidJu00,0,3,3,1,13,4.3,4.3,0,84.7,2,6,7,2,0,0,0,0,9,1,0.1
2024_01_BAL_KC,202409050kan,2024,1,REG,KC,BAL,Drue Tranquill,TranDr00,0,5,2,0.4,7,3.5,1.4,0,47.9,0.4,-3,10,6,0,0,0,0,4,1,0.2
2024_01_BAL_KC,202409050kan,2024,1,REG,KC,BAL,Trent McDuffie,McDuTr00,0,6,2,0.333,22,11,3.7,0,45.1,5.3,21,1,1,0,0,0,0,4,0,0
2024_01_BAL_KC,202409050kan,2024,1,REG,KC,BAL,George Karlaftis III,KarlGe00,0,1,1,1,9,9,9,0,104.2,3,3,6,0,3,1,0,4,2,0,0
2024_01_BAL_KC,202409050kan,2024,1,REG,KC,BAL,Chris Jones,JoneCh09,0,0,0,,,,,,,,,,0,5,0,1,6,3,0,0
2024_01_BAL_KC,202409050kan,2024,1,REG,KC,BAL,Leo Chenal,ChenLe00,0,0,0,,,,,,,,,,1,3,0,0,3,7,1,0.125
2024_01_BAL_KC,202409050kan,2024,1,REG,KC,BAL,Tershawn Wharton,WharTe00,0,0,0,,,,,,,,,,0,3,0,0,3,3,0,0
2024_01_BAL_KC,202409050kan,2024,1,REG,KC,BAL,Michael Danna,DannMi00,0,0,0,,,,,,,,,,1,0,0,0,0,4,0,0
2024_01_BAL_KC,202409050kan,2024,1,REG,KC,BAL,Derrick Nnadi,NnadDe00,0,0,0,,,,,,,,,,0,0,0,0,0,0,1,1
2024_01_BAL_KC,202409050kan,2024,1,REG,KC,BAL,Joshua Williams,WillJo03,0,1,0,0,,,0,,39.6,40,,,0,0,0,0,0,1,0,0
2024_01_BAL_KC,202409050kan,2024,1,REG,BAL,KC,Roquan Smith,SmitRo07,1,7,6,0.857,80,13.3,11.4,0,74.7,3.4,16,64,1,0,0,0,0,7,1,0.125
2024_01_BAL_KC,202409050kan,2024,1,REG,BAL,KC,Trenton Simpson,SimpTr00,0,4,3,0.75,37,12.3,9.3,0,103.1,5.3,11,26,2,0,0,0.5,1,5,2,0.286
2024_01_BAL_KC,202409050kan,2024,1,REG,BAL,KC,Brandon Stephens,StepBr01,0,3,3,1,43,14.3,14.3,0,118.7,9.3,28,15,0,0,0,0,0,4,0,0
2024_01_BAL_KC,202409050kan,2024,1,REG,BAL,KC,Marlon Humphrey,HumpMa00,0,5,3,0.6,37,12.3,7.4,1,122.5,6.2,17,20,1,0,0,0,0,2,0,0
2024_01_BAL_KC,202409050kan,2024,1,REG,BAL,KC,Malik Harrison,HarrMa06,0,3,2,0.667,38,19,12.7,0,109.7,3.7,0,38,0,0,0,0,0,2,1,0.333
2024_01_BAL_KC,202409050kan,2024,1,REG,BAL,KC,Marcus Williams,WillMa06,0,3,1,0.333,24,24,8,0,63.2,10,17,7,0,0,0,0,0,6,0,0
2024_01_BAL_KC,202409050kan,2024,1,REG,BAL,KC,Kyle Hamilton,HamiKy00,0,1,1,1,33,33,33,0,118.7,13,13,20,0,0,0,0,0,3,2,0.4
2024_01_BAL_KC,202409050kan,2024,1,REG,BAL,KC,Jalyn Armour-Davis,ArmoJa00,0,1,1,1,10,10,10,0,108.3,5,5,5,0,0,0,0,0,1,0,0
2024_01_BAL_KC,202409050kan,2024,1,REG,BAL,KC,David Ojabo,OjabDa00,0,0,0,,,,,,,,,,0,1,0,1,2,1,0,0
2024_01_BAL_KC,202409050kan,2024,1,REG,BAL,KC,Broderick Washington Jr.,WashBr01,0,0,0,,,,,,,,,,0,2,0,0,2,1,1,0.5
2024_01_BAL_KC,202409050kan,2024,1,REG,BAL,KC,Nnamdi Madubuike,MaduJu00,0,0,0,,,,,,,,,,0,0,1,0.5,2,2,0,0
2024_01_BAL_KC,202409050kan,2024,1,REG,BAL,KC,Travis Jones,JoneTr00,0,0,0,,,,,,,,,,0,1,0,0,1,2,0,0
2024_01_BAL_KC,202409050kan,2024,1,REG,BAL,KC,Kyle Van Noy,VanNKy00,0,0,0,,,,,,,,,,1,0,1,0,1,1,0,0
2024_01_BAL_KC,202409050kan,2024,1,REG,BAL,KC,Odafe Oweh,OwehJa00,0,0,0,,,,,,,,,,0,0,1,0,1,4,1,0.2
2024_01_BAL_KC,202409050kan,2024,1,REG,BAL,KC,Michael Pierce,PierMi00,0,1,0,0,,,0,,39.6,-1,,,0,1,0,0,1,4,0,0
2024_01_BAL_KC,202409050kan,2024,1,REG,BAL,KC,Ar'Darius Washington,WashAr00,0,1,0,0,,,0,,39.6,13,,,0,0,0,0,0,0,0,
2024_01_GB_PHI,202409060phi,2024,1,REG,PHI,GB,Quinyon Mitchell,MitcQu00,0,9,4,0.444,60,15,6.7,0,66.9,16.1,54,6,0,0,0,0,0,5,1,0.167
2024_01_GB_PHI,202409060phi,2024,1,REG,PHI,GB,Zack Baun,BaunZa00,0,4,3,0.75,22,7.3,5.5,0,87.5,-0.8,-7,29,5,1,0,2,3,15,1,0.063
2024_01_GB_PHI,202409060phi,2024,1,REG,PHI,GB,Avonte Maddox,MaddAv00,0,6,3,0.5,30,10,5,1,104.2,6.3,9,21,0,0,0,0,0,3,0,0
2024_01_GB_PHI,202409060phi,2024,1,REG,PHI,GB,C.J. Gardner-Johnson,GardCh00,0,3,2,0.667,78,39,26,1,149.3,12.3,32,46,1,1,0,0,1,5,2,0.286
2024_01_GB_PHI,202409060phi,2024,1,REG,PHI,GB,Darius Slay,SlayDa00,0,2,2,1,15,7.5,7.5,0,97.9,5.5,11,4,1,0,0,0,0,3,0,0
2024_01_GB_PHI,202409060phi,2024,1,REG,PHI,GB,Nakobe Dean,DeanNa00,0,4,2,0.5,29,14.5,7.3,0,74,3.8,6,23,3,0,0,0,0,4,1,0.2
2024_01_GB_PHI,202409060phi,2024,1,REG,PHI,GB,Reed Blankenship,BlanRe00,1,4,2,0.5,26,13,6.5,0,31.2,9.5,17,9,0,0,0,0,0,8,2,0.2
2024_01_GB_PHI,202409060phi,2024,1,REG,PHI,GB,Brandon Graham,GrahBr99,0,0,0,,,,,,,,,,0,1,0,0,1,1,0,0
2024_01_GB_PHI,202409060phi,2024,1,REG,PHI,GB,Moro Ojomo,OjomMo00,0,0,0,,,,,,,,,,0,0,1,0,1,0,0,
2024_01_GB_PHI,202409060phi,2024,1,REG,PHI,GB,Josh Sweat,SweaJo00,0,0,0,,,,,,,,,,2,0,1,0,1,1,0,0
2024_01_GB_PHI,202409060phi,2024,1,REG,PHI,GB,Jalen Carter,CartJa05,0,0,0,,,,,,,,,,0,0,1,0,1,3,0,0
2024_01_GB_PHI,202409060phi,2024,1,REG,PHI,GB,Bryce Huff,HuffBr00,0,0,0,,,,,,,,,,0,0,0,0,0,1,2,0.667
2024_01_GB_PHI,202409060phi,2024,1,REG,PHI,GB,Nolan Smith,SmitNo02,0,0,0,,,,,,,,,,3,0,0,0,0,2,0,0
2024_01_GB_PHI,202409060phi,2024,1,REG,PHI,GB,Milton Williams,WillMi08,0,0,0,,,,,,,,,,0,0,0,0,0,1,1,0.5
2024_01_GB_PHI,202409060phi,2024,1,REG,GB,PHI,Jaire Alexander,AlexJa00,1,9,5,0.556,112,22.4,12.4,1,97.7,9.7,50,62,0,0,0,0,0,4,0,0
2024_01_GB_PHI,202409060phi,2024,1,REG,GB,PHI,Keisean Nixon,NixoKe00,0,5,4,0.8,26,6.5,5.2,0,88.3,0,0,26,3,0,1,1,2,7,1,0.125
2024_01_GB_PHI,202409060phi,2024,1,REG,GB,PHI,Isaiah McDuffie,McDuIs00,0,3,3,1,36,12,12,1,156.2,10,30,6,4,1,1,0,2,6,2,0.25
2024_01_GB_PHI,202409060phi,2024,1,REG,GB,PHI,Quay Walker,WalkQu00,0,4,3,0.75,38,12.7,9.5,0,104.2,12.8,20,18,4,0,0,0,0,11,1,0.083
2024_01_GB_PHI,202409060phi,2024,1,REG,GB,PHI,Javon Bullard,BullJa00,0,3,3,1,48,16,16,0,118.7,3,9,39,0,0,0,0,0,11,1,0.083
2024_01_GB_PHI,202409060phi,2024,1,REG,GB,PHI,Eric Stokes,StokEr00,0,3,1,0.333,10,10,3.3,0,43.7,7.7,-4,14,0,0,0,0,0,2,1,0.333
2024_01_GB_PHI,202409060phi,2024,1,REG,GB,PHI,Xavier McKinney,McKiXa00,1,2,1,0.5,8,8,4,0,20.8,10,3,5,0,0,0,0,0,4,0,0
2024_01_GB_PHI,202409060phi,2024,1,REG,GB,PHI,Rashan Gary,GaryRa00,0,0,0,,,,,,,,,,2,1,1,1,3,3,0,0
2024_01_GB_PHI,202409060phi,2024,1,REG,GB,PHI,Kenny Clark,ClarKe01,0,0,0,,,,,,,,,,0,1,0,0,1,2,1,0.333
2024_01_GB_PHI,202409060phi,2024,1,REG,GB,PHI,Kingsley Enagbare,EnagKi00,0,0,0,,,,,,,,,,0,1,0,0,1,0,1,1
2024_01_GB_PHI,202409060phi,2024,1,REG,GB,PHI,Preston Smith,SmitPr00,0,0,0,,,,,,,,,,0,1,0,0,1,2,1,0.333
2024_01_GB_PHI,202409060phi,2024,1,REG,GB,PHI,Lukas Van Ness,VanNLu00,0,0,0,,,,,,,,,,0,0,0,0,0,2,1,0.333
2024_01_PIT_ATL,202409080atl,2024,1,REG,ATL,PIT,AJ Terrell,TerrAJ00,0,4,4,1,65,16.3,16.3,0,118.7,12.3,49,16,0,0,0,0,0,5,3,0.375
2024_01_PIT_ATL,202409080atl,2024,1,REG,ATL,PIT,Mike Hughes,HughMi00,0,2,2,1,12,6,6,0,91.7,0,0,12,1,1,0,0,1,7,1,0.125
2024_01_PIT_ATL,202409080atl,2024,1,REG,ATL,PIT,Kaden Elliss,ElliKa00,0,3,2,0.667,15,7.5,5,0,78.5,2,6,9,0,0,0,0,0,9,1,0.1
2024_01_PIT_ATL,202409080atl,2024,1,REG,ATL,PIT,Troy Andersen,AndeTr00,0,2,2,1,11,5.5,5.5,0,89.6,4.5,9,2,2,0,0,0,0,6,1,0.143
2024_01_PIT_ATL,202409080atl,2024,1,REG,ATL,PIT,Jessie Bates III,BateJe00,0,2,2,1,35,17.5,17.5,0,118.7,16,32,3,1,0,0,0,0,6,0,0
2024_01_PIT_ATL,202409080atl,2024,1,REG,ATL,PIT,Justin Simmons,SimmJu00,0,4,2,0.5,9,4.5,2.3,0,56.2,6,0,9,0,0,0,0,0,3,0,0
2024_01_PIT_ATL,202409080atl,2024,1,REG,ATL,PIT,Lorenzo Carter,CartLo01,0,1,1,1,5,5,5,0,87.5,4,4,1,0,0,0,0,0,5,0,0
2024_01_PIT_ATL,202409080atl,2024,1,REG,ATL,PIT,Clark Phillips,PhilCl00,0,1,1,1,9,9,9,0,104.2,8,8,1,0,0,0,0,0,1,0,0
2024_01_PIT_ATL,202409080atl,2024,1,REG,ATL,PIT,James Smith-Williams,SmitJa08,0,1,1,1,-5,-5,-5,0,79.2,-6,-6,1,0,0,0,0,0,5,0,0
2024_01_PIT_ATL,202409080atl,2024,1,REG,ATL,PIT,Grady Jarrett,JarrGr00,0,0,0,,,,,,,,,,0,0,0,1.5,2,3,0,0
2024_01_PIT_ATL,202409080atl,2024,1,REG,ATL,PIT,Matt Judon,JudoMa00,0,1,0,0,,,0,,39.6,6,,,0,0,0,0.5,1,6,0,0
2024_01_PIT_ATL,202409080atl,2024,1,REG,ATL,PIT,Eddie Goldman,GoldEd00,0,0,0,,,,,,,,,,0,0,1,0,1,1,0,0
2024_01_PIT_ATL,202409080atl,2024,1,REG,ATL,PIT,Drew Dalman,DalmDr00,0,1,0,0,,,0,,39.6,14,,,0,0,0,0,0,0,0,
2024_01_PIT_ATL,202409080atl,2024,1,REG,ATL,PIT,Ta'Quon Graham,GrahTa00,0,0,0,,,,,,,,,,0,0,0,0,0,1,1,0.5
2024_01_PIT_ATL,202409080atl,2024,1,REG,ATL,PIT,Arnold Ebiketie,EbikAr00,0,1,0,0,,,0,,39.6,-3,,,0,0,0,0,0,5,0,0
2024_01_PIT_ATL,202409080atl,2024,1,REG,ATL,PIT,DeAundre Alford,AlfoDe00,0,0,0,,,,,,,,,,0,0,0,0,0,2,1,0.333
2024_01_PIT_ATL,202409080atl,2024,1,REG,PIT,ATL,Beanie Bishop,BishBe00,0,6,4,0.667,29,7.3,4.8,1,117.4,6.2,27,2,0,0,0,0,0,4,0,0
2024_01_PIT_ATL,202409080atl,2024,1,REG,PIT,ATL,Minkah Fitzpatrick,FitzMi00,0,3,3,1,44,14.7,14.7,0,118.7,13.7,41,3,0,0,0,0,0,7,0,0
2024_01_PIT_ATL,202409080atl,2024,1,REG,PIT,ATL,Joey Porter Jr.,PortJo02,0,2,2,1,12,6,6,0,91.7,3,6,6,0,0,0,0,0,3,2,0.4
2024_01_PIT_ATL,202409080atl,2024,1,REG,PIT,ATL,Donte Jackson,JackDo02,1,4,2,0.5,24,12,6,0,29.2,10.8,15,9,0,0,0,0,0,2,0,0
2024_01_PIT_ATL,202409080atl,2024,1,REG,PIT,ATL,Alex Highsmith,HighAl02,0,1,1,1,9,9,9,0,104.2,-2,-2,11,2,0,0,0,0,6,0,0
2024_01_PIT_ATL,202409080atl,2024,1,REG,PIT,ATL,Payton Wilson,WilsPa00,0,1,1,1,7,7,7,0,95.8,0,0,7,0,0,0,0,0,3,0,0
2024_01_PIT_ATL,202409080atl,2024,1,REG,PIT,ATL,Patrick Queen,QueePa00,0,1,1,1,14,14,14,0,118.7,-5,-5,19,1,0,0,0,0,2,2,0.5
2024_01_PIT_ATL,202409080atl,2024,1,REG,PIT,ATL,Damontae Kazee,KazeDa00,0,2,1,0.5,8,8,4,0,60.4,8,5,3,0,0,0,0,0,3,0,0
2024_01_PIT_ATL,202409080atl,2024,1,REG,PIT,ATL,DeShon Elliott,ElliDe02,1,3,1,0.333,8,8,2.7,0,2.8,2.7,-5,13,1,0,0,0,0,4,1,0.2
2024_01_PIT_ATL,202409080atl,2024,1,REG,PIT,ATL,T.J. Watt,WattT.00,0,0,0,,,,,,,,,,0,0,2,1,3,4,1,0.2
2024_01_PIT_ATL,202409080atl,2024,1,REG,PIT,ATL,Larry Ogunjobi,OgunLa00,0,0,0,,,,,,,,,,0,1,2,0,3,3,0,0
2024_01_PIT_ATL,202409080atl,2024,1,REG,PIT,ATL,Cameron Heyward,HeywCa01,0,0,0,,,,,,,,,,0,1,0,0,1,4,0,0
2024_01_PIT_ATL,202409080atl,2024,1,REG,PIT,ATL,Montravius Adams,AdamMo00,0,0,0,,,,,,,,,,0,0,0,1,1,3,0,0
2024_01_PIT_ATL,202409080atl,2024,1,REG,PIT,ATL,Keeanu Benton,BentKe00,0,0,0,,,,,,,,,,0,0,1,0,1,2,1,0.333
2024_01_PIT_ATL,202409080atl,2024,1,REG,PIT,ATL,Elandon Roberts,RobeEl00,0,0,0,,,,,,,,,,2,0,0,0,0,0,0,
2024_01_ARI_BUF,202409080buf,2024,1,REG,BUF,ARI,Terrel Bernard,BernTe00,0,6,5,0.833,32,6.4,5.3,0,88.9,1.5,15,17,1,0,0,0,0,11,1,0.083
2024_01_ARI_BUF,202409080buf,2024,1,REG,BUF,ARI,Cameron Lewis,LewiCa00,0,8,5,0.625,33,6.6,4.1,0,71.4,7.4,21,12,4,0,0,0,0,10,1,0.091
2024_01_ARI_BUF,202409080buf,2024,1,REG,BUF,ARI,Dorian Williams,WillDo04,0,5,4,0.8,46,11.5,9.2,0,105,2.8,14,32,2,0,0,0,0,9,2,0.182
2024_01_ARI_BUF,202409080buf,2024,1,REG,BUF,ARI,Rasul Douglas,DougRa00,0,4,2,0.5,8,4,2,0,56.2,4.3,2,6,1,0,0,0,0,2,1,0.333
2024_01_ARI_BUF,202409080buf,2024,1,REG,BUF,ARI,Ja'Marcus Ingram,IngrJa00,0,3,2,0.667,38,19,12.7,0,109.7,12,9,29,0,0,0,0,0,2,0,0
2024_01_ARI_BUF,202409080buf,2024,1,REG,BUF,ARI,Christian Benford,BenfCh00,0,3,1,0.333,19,19,6.3,1,95.8,8.7,14,5,0,0,0,0,0,3,0,0
2024_01_ARI_BUF,202409080buf,2024,1,REG,BUF,ARI,Taron Johnson,JohnTa01,0,1,1,1,8,8,8,0,100,6,6,2,0,0,0,0,0,1,0,0
2024_01_ARI_BUF,202409080buf,2024,1,REG,BUF,ARI,Damar Hamlin,HamlDa00,0,3,1,0.333,12,12,4,0,46.5,9.3,3,9,1,0,0,0,0,4,0,0
2024_01_ARI_BUF,202409080buf,2024,1,REG,BUF,ARI,Gregory Rousseau,RousGr00,0,2,0,0,2,,1,0,39.6,0,-3,5,0,1,0,3,4,6,0,0
2024_01_ARI_BUF,202409080buf,2024,1,REG,BUF,ARI,Von Miller,MillVo00,0,0,0,,,,,,,,,,0,1,0,1,2,2,0,0
2024_01_ARI_BUF,202409080buf,2024,1,REG,BUF,ARI,A.J. Epenesa,EpenAJ00,0,0,0,,,,,,,,,,0,1,1,0,2,1,0,0
2024_01_ARI_BUF,202409080buf,2024,1,REG,BUF,ARI,DaQuan Jones,JoneDa04,0,0,0,,,,,,,,,,0,0,1,0,1,1,0,0
2024_01_ARI_BUF,202409080buf,2024,1,REG,BUF,ARI,Austin Johnson,JohnAu01,0,0,0,,,,,,,,,,0,1,0,0,1,1,0,0
2024_01_ARI_BUF,202409080buf,2024,1,REG,BUF,ARI,Taylor Rapp,RappTa00,0,2,0,0,8,,4,0,43.7,13.5,6,2,1,0,0,0,0,5,0,0
2024_01_ARI_BUF,202409080buf,2024,1,REG,BUF,ARI,Kaiir Elam,ElamKa00,0,0,0,,,,,,,,,,0,0,0,0,0,0,1,1
2024_01_ARI_BUF,202409080buf,2024,1,REG,ARI,BUF,Budda Baker,BakeBu00,0,5,3,0.6,69,23,13.8,1,143.7,7.4,37,32,1,0,0,0,0,10,3,0.231
2024_01_ARI_BUF,202409080buf,2024,1,REG,ARI,BUF,Starling Thomas,ThomSt01,0,4,3,0.75,54,18,13.5,0,116.7,22.5,49,5,0,0,0,0,0,3,0,0
2024_01_ARI_BUF,202409080buf,2024,1,REG,ARI,BUF,Sean Murphy-Bunting,BuntSe00,0,4,3,0.75,23,7.7,5.8,0,88.5,5,14,9,0,0,0,0,0,5,0,0
2024_01_ARI_BUF,202409080buf,2024,1,REG,ARI,BUF,Owen Pappoe,PappOw00,0,3,2,0.667,15,7.5,5,0,78.5,-1.3,-4,19,0,1,0,0,1,4,0,0
2024_01_ARI_BUF,202409080buf,2024,1,REG,ARI,BUF,Kei'Trel Clark,ClarKe02,0,1,1,1,12,12,12,0,116.7,6,6,6,0,0,0,1,1,3,0,0
2024_01_ARI_BUF,202409080buf,2024,1,REG,ARI,BUF,Kyzir White,WhitKy00,0,3,1,0.333,35,35,11.7,0,78.5,3.3,7,28,1,0,1,0,1,11,0,0
2024_01_ARI_BUF,202409080buf,2024,1,REG,ARI,BUF,Zaven Collins,CollZa00,0,1,1,1,3,3,3,0,79.2,-6,-6,9,2,0,0,0,0,9,0,0
2024_01_ARI_BUF,202409080buf,2024,1,REG,ARI,BUF,Mack Wilson,WilsMa03,0,1,1,1,12,12,12,0,116.7,1,1,11,1,0,0,0,0,9,0,0
2024_01_ARI_BUF,202409080buf,2024,1,REG,ARI,BUF,Garrett Williams,WillGa00,0,2,1,0.5,14,14,7,0,72.9,-1,2,12,0,0,0,0,0,3,0,0
2024_01_ARI_BUF,202409080buf,2024,1,REG,ARI,BUF,Max Melton,MeltMa00,0,1,1,1,19,19,19,0,118.7,8,8,11,0,0,0,0,0,2,1,0.333
2024_01_ARI_BUF,202409080buf,2024,1,REG,ARI,BUF,Jalen Thompson,ThomJa04,0,1,1,1,11,11,11,1,152.1,11,11,0,1,0,0,0,0,6,0,0
2024_01_ARI_BUF,202409080buf,2024,1,REG,ARI,BUF,Roy Lopez,LopeRo00,0,0,0,,,,,,,,,,0,0,0,1,1,1,0,0
2024_01_ARI_BUF,202409080buf,2024,1,REG,ARI,BUF,Dennis Gardeck,GardDe01,0,0,0,,,,,,,,,,1,0,0,0,0,0,0,
2024_01_ARI_BUF,202409080buf,2024,1,REG,ARI,BUF,Xavier Thomas,ThomXa01,0,0,0,,,,,,,,,,1,0,0,0,0,0,0,
2024_01_TEN_CHI,202409080chi,2024,1,REG,CHI,TEN,Kyler Gordon,GordKy00,0,4,1,0.25,37,37,9.3,0,65.6,7.8,35,2,0,0,0,0,0,4,1,0.2
2024_01_TEN_CHI,202409080chi,2024,1,REG,CHI,TEN,DeMarcus Walker,WalkDe03,0,0,0,,,,,,,,,,0,0,4,0,4,1,0,0
2024_01_TEN_CHI,202409080chi,2024,1,REG,CHI,TEN,Gervon Dexter,DextGe00,0,0,0,,,,,,,,,,0,1,1,1,3,4,0,0
2024_01_TEN_CHI,202409080chi,2024,1,REG,CHI,TEN,Darrell Taylor,TaylDa00,0,0,0,,,,,,,,,,0,1,0,2,3,8,1,0.111
2024_01_TEN_CHI,202409080chi,2024,1,REG,CHI,TEN,Andrew Billings,BillAn00,0,0,0,,,,,,,,,,0,1,2,0,3,2,0,0
2024_01_TEN_CHI,202409080chi,2024,1,REG,CHI,TEN,Montez Sweat,SweaMo00,0,0,0,,,,,,,,,,0,2,0,0,2,2,0,0
2024_01_TEN_CHI,202409080chi,2024,1,REG,CHI,TEN,Jaylon Johnson,JohnJa13,1,2,0,0,,,0,,0,34,,,0,0,0,0,0,3,0,0
2024_01_TEN_CHI,202409080chi,2024,1,REG,CHI,TEN,T.J. Edwards,EdwaTJ02,0,9,0,0,35,,3.9,0,43.3,1.4,13,22,0,0,0,0,0,15,1,0.063
2024_01_TEN_CHI,202409080chi,2024,1,REG,CHI,TEN,Tremaine Edmunds,EdmuTr01,0,3,0,0,5,,1.7,0,39.6,-2.3,-7,12,2,0,0,0,0,4,1,0.2
2024_01_TEN_CHI,202409080chi,2024,1,REG,CHI,TEN,Tyrique Stevenson,StevTy01,1,9,0,0,47,,5.2,1,46.3,13.9,39,8,0,0,0,0,0,4,0,0
2024_01_TEN_CHI,202409080chi,2024,1,REG,CHI,TEN,Jaquan Brisker,BrisJa01,0,1,0,0,3,,3,0,39.6,-3,-3,6,0,0,0,0,0,9,2,0.182
2024_01_TEN_CHI,202409080chi,2024,1,REG,TEN,CHI,Harold Landry,LandHa00,0,0,0,,,,,,,,,,0,0,1,1,2,6,0,0
2024_01_TEN_CHI,202409080chi,2024,1,REG,TEN,CHI,T'Vondre Sweat,SweaTV01,0,0,0,,,,,,,,,,0,1,0,0,1,0,0,
2024_01_TEN_CHI,202409080chi,2024,1,REG,TEN,CHI,Caleb Murphy,MurpCa00,0,0,0,,,,,,,,,,0,1,0,0,1,1,0,0
2024_01_TEN_CHI,202409080chi,2024,1,REG,TEN,CHI,James Lynch,LyncJa00,0,0,0,,,,,,,,,,0,1,0,0,1,0,0,
2024_01_TEN_CHI,202409080chi,2024,1,REG,TEN,CHI,Jack Gibbens,GibbJa00,0,2,0,0,-1,,-0.5,0,39.6,2,-5,4,2,1,0,0,1,4,0,0
2024_01_TEN_CHI,202409080chi,2024,1,REG,TEN,CHI,Amani Hooker,HookAm00,0,7,0,0,9,,1.3,0,39.6,7.1,-7,16,1,0,1,0,1,6,0,0
2024_01_TEN_CHI,202409080chi,2024,1,REG,TEN,CHI,Sebastian Joseph-Day,JoseSe00,0,0,0,,,,,,,,,,0,0,0,1,1,3,0,0
2024_01_TEN_CHI,202409080chi,2024,1,REG,TEN,CHI,James Williams,WillJa15,0,1,0,0,,,0,,39.6,0,,,0,0,0,0,0,0,0,
2024_01_TEN_CHI,202409080chi,2024,1,REG,TEN,CHI,L'Jarius Sneed,SneeLJ00,0,7,0,0,41,,5.9,0,51.5,8.7,32,9,0,0,0,0,0,4,1,0.2
2024_01_TEN_CHI,202409080chi,2024,1,REG,TEN,CHI,Kenneth Murray,MurrKe00,0,4,0,0,12,,3,0,39.6,2,7,5,1,0,0,0,0,6,0,0
2024_01_TEN_CHI,202409080chi,2024,1,REG,TEN,CHI,Roger McCreary,McCrRo01,0,4,0,0,15,,3.8,0,42.7,0.3,1,14,1,0,0,0,0,5,0,0
2024_01_TEN_CHI,202409080chi,2024,1,REG,TEN,CHI,Ernest Jones,JoneEr01,0,0,0,,,,,,,,,,1,0,0,0,0,3,0,0
2024_01_TEN_CHI,202409080chi,2024,1,REG,TEN,CHI,Quandre Diggs,DiggQu00,0,2,0,0,6,,3,0,39.6,6,6,0,0,0,0,0,0,4,0,0
2024_01_TEN_CHI,202409080chi,2024,1,REG,TEN,CHI,Jarvis Brownlee,BrowJa09,0,3,0,0,11,,3.7,0,42.4,15.3,11,0,0,0,0,0,0,2,0,0
2024_01_NE_CIN,202409080cin,2024,1,REG,CIN,NE,Daxton Hill,HillDa04,0,5,3,0.6,25,8.3,5,0,72.9,11.8,21,4,0,0,0,1,1,8,3,0.273
2024_01_NE_CIN,202409080cin,2024,1,REG,CIN,NE,Cam Taylor-Britt,TaylCa01,0,4,3,0.75,25,8.3,6.3,0,90.6,6.5,23,2,0,0,0,0,0,7,1,0.125
2024_01_NE_CIN,202409080cin,2024,1,REG,CIN,NE,Logan Wilson,WilsLo00,0,2,2,1,13,6.5,6.5,0,93.7,1,2,11,4,0,3,0,3,12,0,0
2024_01_NE_CIN,202409080cin,2024,1,REG,CIN,NE,Germaine Pratt,PratGe00,0,4,2,0.5,12,6,3,0,56.2,3.8,-3,15,2,0,0,0,0,8,1,0.111
2024_01_NE_CIN,202409080cin,2024,1,REG,CIN,NE,Vonn Bell,BellVo00,0,2,2,1,12,6,6,0,91.7,5,10,2,1,0,0,0,0,6,1,0.143
2024_01_NE_CIN,202409080cin,2024,1,REG,CIN,NE,Trey Hendrickson,HendTr00,0,1,1,1,9,9,9,0,104.2,7,7,2,0,1,2,0,3,2,1,0.333
2024_01_NE_CIN,202409080cin,2024,1,REG,CIN,NE,Sam Hubbard,HubbSa00,0,1,1,1,16,16,16,0,118.7,0,0,16,0,0,1,0,1,4,0,0
2024_01_NE_CIN,202409080cin,2024,1,REG,CIN,NE,DJ Turner,TurnDJ01,0,1,1,1,9,9,9,0,104.2,7,7,2,0,0,0,0,0,1,0,0
2024_01_NE_CIN,202409080cin,2024,1,REG,CIN,NE,Mike Hilton,HiltMi01,0,2,0,0,,,0,,39.6,6,,,2,0,0,0,0,3,0,0
2024_01_NE_CIN,202409080cin,2024,1,REG,CIN,NE,B.J. Hill,HillB.00,0,0,0,,,,,,,,,,0,0,0,0,0,3,1,0.25
2024_01_NE_CIN,202409080cin,2024,1,REG,CIN,NE,Geno Stone,StonGe00,0,1,0,0,,,0,,39.6,12,,,0,0,0,0,0,3,2,0.4
2024_01_NE_CIN,202409080cin,2024,1,REG,NE,CIN,Ja'Whaun Bentley,BentJa00,0,6,6,1,45,7.5,7.5,0,97.9,2.3,14,31,6,0,0,0.5,1,12,0,0
2024_01_NE_CIN,202409080cin,2024,1,REG,NE,CIN,Christian Gonzalez,GonzCh00,0,3,3,1,15,5,5,0,87.5,1.3,4,11,0,0,0,0,0,2,0,0
2024_01_NE_CIN,202409080cin,2024,1,REG,NE,CIN,Kyle Dugger,DuggKy00,0,4,2,0.5,18,9,4.5,0,62.5,8,12,6,3,0,0,0,0,6,0,0
2024_01_NE_CIN,202409080cin,2024,1,REG,NE,CIN,Jahlani Tavai,TavaJa00,0,3,2,0.667,12,6,4,0,74.3,1.3,7,5,6,0,0,0,0,4,1,0.2
2024_01_NE_CIN,202409080cin,2024,1,REG,NE,CIN,Jabrill Peppers,PeppJa00,0,3,2,0.667,33,16.5,11,0,103.5,11.3,29,4,1,0,0,0,0,6,0,0
2024_01_NE_CIN,202409080cin,2024,1,REG,NE,CIN,Marcus Jones,JoneMa06,0,3,2,0.667,18,9,6,0,82.6,13,18,0,0,0,0,0,0,4,0,0
2024_01_NE_CIN,202409080cin,2024,1,REG,NE,CIN,Keion White,WhitKe03,0,1,1,1,6,6,6,0,91.7,2,2,4,0,0,0,2.5,3,4,0,0
2024_01_NE_CIN,202409080cin,2024,1,REG,NE,CIN,Marco Wilson,WilsMa04,0,1,1,1,4,4,4,0,83.3,1,1,3,0,0,0,0,0,2,0,0
2024_01_NE_CIN,202409080cin,2024,1,REG,NE,CIN,Vederian Lowe,LoweVe00,0,1,1,1,1,1,1,0,79.2,-2,-2,3,0,0,0,0,0,0,0,
2024_01_NE_CIN,202409080cin,2024,1,REG,NE,CIN,Jaylinn Hawkins,HawkJa00,0,1,1,1,12,12,12,0,116.7,12,12,0,1,0,0,0,0,1,1,0.5
2024_01_NE_CIN,202409080cin,2024,1,REG,NE,CIN,Jonathan Jones,JoneJo03,0,3,0,0,,,0,,39.6,7.3,,,0,0,0,0,0,3,0,0
2024_01_NE_CIN,202409080cin,2024,1,REG,NE,CIN,Marcellas Dial,DialMa00,0,0,0,,,,,,,,,,0,0,0,0,0,0,2,1
2024_01_HOU_IND,202409080clt,2024,1,REG,IND,HOU,Jaylon Jones,JoneJa13,0,10,7,0.7,95,13.6,9.5,0,100,13.9,68,27,0,0,0,0,0,9,0,0
2024_01_HOU_IND,202409080clt,2024,1,REG,IND,HOU,Julius Brents,BrenJu00,0,6,4,0.667,79,19.8,13.2,0,109.7,15.3,67,12,0,0,0,0,0,7,1,0.125
2024_01_HOU_IND,202409080clt,2024,1,REG,IND,HOU,E.J. Speed,SpeeEJ00,0,6,3,0.5,11,3.7,1.8,0,56.2,0.7,7,4,3,0,1,0,1,10,1,0.091
2024_01_HOU_IND,202409080clt,2024,1,REG,IND,HOU,Julian Blackmon,BlacJu01,0,3,3,1,10,3.3,3.3,0,80.6,-0.7,-2,12,2,0,0,0,0,13,0,0
2024_01_HOU_IND,202409080clt,2024,1,REG,IND,HOU,Kenny Moore,MoorKe03,0,3,3,1,30,10,10,1,147.9,3,9,21,0,0,0,0,0,5,1,0.167
2024_01_HOU_IND,202409080clt,2024,1,REG,IND,HOU,Nick Cross,CrosNi00,0,2,2,1,5,2.5,2.5,1,118.7,2.5,5,0,0,0,0,0,0,14,0,0
2024_01_HOU_IND,202409080clt,2024,1,REG,IND,HOU,Zaire Franklin,FranZa00,0,1,1,1,4,4,4,0,83.3,1,1,3,3,0,1,0,1,8,0,0
2024_01_HOU_IND,202409080clt,2024,1,REG,IND,HOU,Kwity Paye,PayeKw00,0,0,0,,,,,,,,,,0,1,1,1,3,2,0,0
2024_01_HOU_IND,202409080clt,2024,1,REG,IND,HOU,DeForest Buckner,BuckDe00,0,0,0,,,,,,,,,,0,1,0,1.5,3,6,1,0.143
2024_01_HOU_IND,202409080clt,2024,1,REG,IND,HOU,Tyquan Lewis,LewiTy00,0,0,0,,,,,,,,,,0,1,0,1,2,6,3,0.333
2024_01_HOU_IND,202409080clt,2024,1,REG,IND,HOU,Dayo Odeyingbo,OdeyDa00,0,0,0,,,,,,,,,,0,0,1,0.5,2,1,0,0
2024_01_HOU_IND,202409080clt,2024,1,REG,IND,HOU,Laiatu Latu,LatuLa00,0,0,0,,,,,,,,,,0,2,0,0,2,0,0,
2024_01_HOU_IND,202409080clt,2024,1,REG,IND,HOU,Grover Stewart,StewGr00,0,0,0,,,,,,,,,,0,1,0,0,1,2,0,0
2024_01_HOU_IND,202409080clt,2024,1,REG,IND,HOU,Jaylon Carlies,CarlJa01,0,0,0,,,,,,,,,,2,0,0,0,0,0,0,
2024_01_HOU_IND,202409080clt,2024,1,REG,HOU,IND,Derek Stingley Jr.,StinDe00,0,8,4,0.5,25,6.3,3.1,0,56.8,11.5,15,10,0,0,0,0,0,4,0,0
2024_01_HOU_IND,202409080clt,2024,1,REG,HOU,IND,Azeez Al-Shaair,AlShAz00,0,3,2,0.667,62,31,20.7,1,149.3,12.3,23,39,1,0,0,0,0,5,1,0.167
2024_01_HOU_IND,202409080clt,2024,1,REG,HOU,IND,Jimmie Ward,WardJi01,0,5,2,0.4,117,58.5,23.4,1,127.1,29.6,115,2,1,0,0,0,0,3,0,0
2024_01_HOU_IND,202409080clt,2024,1,REG,HOU,IND,Kamari Lassiter,LassKa00,0,3,1,0.333,8,8,2.7,0,42.4,11.7,8,0,0,0,0,0,0,2,0,0
2024_01_HOU_IND,202409080clt,2024,1,REG,HOU,IND,Danielle Hunter,HuntDa01,0,0,0,,,,,,,,,,0,2,0,0,2,1,0,0
2024_01_HOU_IND,202409080clt,2024,1,REG,HOU,IND,Mario Edwards,EdwaMa01,0,0,0,,,,,,,,,,0,0,0,1,1,3,0,0
2024_01_HOU_IND,202409080clt,2024,1,REG,HOU,IND,Folorunso Fatukasi,FatuFo00,0,0,0,,,,,,,,,,0,0,0,1,1,4,0,0
2024_01_HOU_IND,202409080clt,2024,1,REG,HOU,IND,Henry To'oTo'o,TooTHe00,0,0,0,,,,,,,,,,1,0,0,0,0,7,2,0.222
2024_01_HOU_IND,202409080clt,2024,1,REG,HOU,IND,Jalen Pitre,PitrJa00,0,0,0,,,,,,,,,,0,0,0,0,0,3,1,0.25
2024_01_HOU_IND,202409080clt,2024,1,REG,HOU,IND,Eric Murray,MurrEr00,0,0,0,,,,,,,,,,0,0,0,0,0,0,1,1
2024_01_JAX_MIA,202409080mia,2024,1,REG,MIA,JAX,Kader Kohou,KohoKa00,0,5,3,0.6,37,12.3,7.4,0,82.9,7.4,25,12,2,0,0,0,0,4,1,0.2
2024_01_JAX_MIA,202409080mia,2024,1,REG,MIA,JAX,Kendall Fuller,FullKe00,0,3,2,0.667,27,13.5,9,0,95.1,14.7,23,4,0,0,0,0,0,6,0,0
2024_01_JAX_MIA,202409080mia,2024,1,REG,MIA,JAX,David Long,LongDa04,0,3,2,0.667,11,5.5,3.7,0,72.9,2,6,5,2,0,0,0,0,8,0,0
2024_01_JAX_MIA,202409080mia,2024,1,REG,MIA,JAX,Jordan Poyer,PoyeJo00,0,3,2,0.667,50,25,16.7,0,109.7,20,41,9,0,0,0,0,0,6,0,0
2024_01_JAX_MIA,202409080mia,2024,1,REG,MIA,JAX,Jordyn Brooks,BrooJo01,0,3,2,0.667,23,11.5,7.7,0,89.6,8,13,10,5,0,0,0,0,4,1,0.2
2024_01_JAX_MIA,202409080mia,2024,1,REG,MIA,JAX,Jalen Ramsey,RamsJa00,0,1,1,1,14,14,14,1,158.3,14,14,0,2,0,0,0,0,3,0,0
2024_01_JAX_MIA,202409080mia,2024,1,REG,MIA,JAX,Emmanuel Ogbah,OgbaEm00,0,0,0,,,,,,,,,,0,0,1,1,2,4,0,0
2024_01_JAX_MIA,202409080mia,2024,1,REG,MIA,JAX,Jaelan Phillips,PhilJa02,0,0,0,,,,,,,,,,0,0,0,1,1,2,0,0
2024_01_JAX_MIA,202409080mia,2024,1,REG,MIA,JAX,Duke Riley,RileDu00,0,0,0,,,,,,,,,,0,1,0,0,1,0,0,
2024_01_JAX_MIA,202409080mia,2024,1,REG,MIA,JAX,Calais Campbell,CampCa99,0,0,0,,,,,,,,,,0,0,0,1,1,3,1,0.25
2024_01_JAX_MIA,202409080mia,2024,1,REG,MIA,JAX,Jevon Holland,HollJe02,0,2,0,0,,,0,,39.6,-2.5,,,3,0,0,0,0,4,1,0.2
2024_01_JAX_MIA,202409080mia,2024,1,REG,JAX,MIA,Ronald Darby,DarbRo00,0,7,5,0.714,102,20.4,14.6,1,153.3,7.9,33,69,1,0,0,0,0,7,0,0
2024_01_JAX_MIA,202409080mia,2024,1,REG,JAX,MIA,Darnell Savage Jr.,SavaDa00,0,7,3,0.429,11,3.7,1.6,0,50.3,3.1,-7,18,1,0,0,0,0,0,0,
2024_01_JAX_MIA,202409080mia,2024,1,REG,JAX,MIA,Andre Cisco,CiscAn00,0,4,3,0.75,85,28.3,21.3,0,116.7,11.8,41,44,0,0,0,0,0,4,0,0
2024_01_JAX_MIA,202409080mia,2024,1,REG,JAX,MIA,Jarrian Jones,JoneJa14,0,4,3,0.75,59,19.7,14.8,0,116.7,6.8,-2,61,0,0,0,0,0,1,1,0.5
2024_01_JAX_MIA,202409080mia,2024,1,REG,JAX,MIA,Antonio Johnson,JohnAn07,0,3,3,1,47,15.7,15.7,0,118.7,6.7,20,27,0,0,0,0,0,9,2,0.182
2024_01_JAX_MIA,202409080mia,2024,1,REG,JAX,MIA,Foyesade Oluokun,OluoFo00,0,3,2,0.667,5,2.5,1.7,0,70.1,-2,-2,7,2,1,0,0,1,11,0,0
2024_01_JAX_MIA,202409080mia,2024,1,REG,JAX,MIA,Montaric Brown,BrowMo00,0,2,2,1,20,10,10,0,108.3,5,10,10,1,0,0,0,0,3,0,0
2024_01_JAX_MIA,202409080mia,2024,1,REG,JAX,MIA,Chad Muma,MumaCh00,0,1,1,1,7,7,7,0,95.8,6,6,1,0,0,0,0,0,2,0,0
2024_01_JAX_MIA,202409080mia,2024,1,REG,JAX,MIA,Devin Lloyd,LloyDe00,0,2,1,0.5,2,2,1,0,56.2,0.5,-4,6,5,0,0,0,0,9,0,0
2024_01_JAX_MIA,202409080mia,2024,1,REG,JAX,MIA,Travon Walker,WalkTr03,0,0,0,,,,,,,,,,0,0,0,2,2,6,0,0
2024_01_JAX_MIA,202409080mia,2024,1,REG,JAX,MIA,Arik Armstead,ArmsAr01,0,0,0,,,,,,,,,,0,0,0,1,1,1,0,0
2024_01_JAX_MIA,202409080mia,2024,1,REG,JAX,MIA,Roy Robertson-Harris,RobeRo00,0,0,0,,,,,,,,,,0,0,1,0,1,0,2,1
2024_01_JAX_MIA,202409080mia,2024,1,REG,JAX,MIA,Josh Hines-Allen,AlleJo03,0,0,0,,,,,,,,,,1,1,0,0,1,2,0,0
2024_01_JAX_MIA,202409080mia,2024,1,REG,JAX,MIA,Terrell Edmunds,EdmuTe00,0,1,0,0,,,0,,39.6,4,,,0,0,0,0,0,0,0,
2024_01_JAX_MIA,202409080mia,2024,1,REG,JAX,MIA,Ventrell Miller,MillVe00,0,0,0,,,,,,,,,,1,0,0,0,0,1,0,0
2024_01_JAX_MIA,202409080mia,2024,1,REG,JAX,MIA,Myles Cole,ColeMy00,0,0,0,,,,,,,,,,0,0,0,0,0,0,1,1
2024_01_JAX_MIA,202409080mia,2024,1,REG,JAX,MIA,Tyson Campbell,CampTy01,0,2,0,0,,,0,,39.6,21.5,,,0,0,0,0,0,3,0,0
2024_01_CAR_NO,202409080nor,2024,1,REG,NO,CAR,Paulson Adebo,AdebPa00,0,12,6,0.5,68,11.3,5.7,0,67.4,9.4,47,21,0,0,0,0,0,5,0,0
2024_01_CAR_NO,202409080nor,2024,1,REG,NO,CAR,Marshon Lattimore,LattMa01,0,4,3,0.75,35,11.7,8.8,0,101,11.3,29,6,0,0,0,0,0,2,0,0
2024_01_CAR_NO,202409080nor,2024,1,REG,NO,CAR,Alontae Taylor,TaylAl01,0,3,1,0.333,32,32,10.7,0,74.3,21,18,14,4,0,0,3,3,6,0,0
2024_01_CAR_NO,202409080nor,2024,1,REG,NO,CAR,Kool-Aid McKinstry,McKiKo00,0,3,1,0.333,5,5,1.7,0,42.4,9,5,0,1,0,0,0,0,2,0,0
2024_01_CAR_NO,202409080nor,2024,1,REG,NO,CAR,Jordan Howden,HowdJo00,1,1,1,1,35,35,35,0,79.2,19,19,16,1,0,0,0,0,3,0,0
2024_01_CAR_NO,202409080nor,2024,1,REG,NO,CAR,Will Harris,HarrWi02,1,2,1,0.5,4,4,2,0,16.7,-0.5,-3,7,3,0,0,0,0,2,0,0
2024_01_CAR_NO,202409080nor,2024,1,REG,NO,CAR,Pete Werner,WernPe00,0,1,1,1,14,14,14,0,118.7,14,14,0,4,0,0,0,0,2,1,0.333
2024_01_CAR_NO,202409080nor,2024,1,REG,NO,CAR,Carl Granderson,GranCa01,0,0,0,,,,,,,,,,1,3,0,0,3,3,1,0.25
2024_01_CAR_NO,202409080nor,2024,1,REG,NO,CAR,Payton Turner,TurnPa02,0,0,0,,,,,,,,,,0,2,0,0,2,0,0,
2024_01_CAR_NO,202409080nor,2024,1,REG,NO,CAR,Chase Young,YounCh04,0,0,0,,,,,,,,,,0,0,2,0,2,0,0,
2024_01_CAR_NO,202409080nor,2024,1,REG,NO,CAR,Cameron Jordan,JordCa00,0,0,0,,,,,,,,,,0,1,0,0,1,1,0,0
2024_01_CAR_NO,202409080nor,2024,1,REG,NO,CAR,Willie Gay Jr.,GayJWi00,0,0,0,,,,,,,,,,2,1,0,0,1,2,0,0
2024_01_CAR_NO,202409080nor,2024,1,REG,NO,CAR,Demario Davis,DaviDe00,0,1,0,0,,,0,,39.6,11,,,4,0,0,1,1,4,0,0
2024_01_CAR_NO,202409080nor,2024,1,REG,NO,CAR,Tyrann Mathieu,MathTy00,0,0,0,,,,,,,,,,1,0,0,0,0,4,1,0.2
2024_01_CAR_NO,202409080nor,2024,1,REG,NO,CAR,Khaleke Hudson,HudsKh00,0,0,0,,,,,,,,,,1,0,0,0,0,0,0,
2024_01_CAR_NO,202409080nor,2024,1,REG,NO,CAR,Rico Payton,PaytRi00,0,2,0,0,,,0,,39.6,23,,,0,0,0,0,0,0,0,
2024_01_CAR_NO,202409080nor,2024,1,REG,NO,CAR,J.T. Gray,GrayJ.00,0,0,0,,,,,,,,,,1,0,0,0,0,3,0,0
2024_01_CAR_NO,202409080nor,2024,1,REG,NO,CAR,Isaiah Foskey,FoskIs00,0,0,0,,,,,,,,,,2,0,0,0,0,4,0,0
2024_01_CAR_NO,202409080nor,2024,1,REG,CAR,NO,Michael Jackson,JackMi01,0,7,5,0.714,28,5.6,4,1,117.9,11.6,26,2,1,0,0,0,0,7,0,0
2024_01_CAR_NO,202409080nor,2024,1,REG,CAR,NO,Xavier Woods,WoodXa00,0,5,4,0.8,56,14,11.2,1,152.9,12.4,43,13,0,0,0,0,0,8,0,0
2024_01_CAR_NO,202409080nor,2024,1,REG,CAR,NO,Jordan Fuller,FullJo01,0,4,4,1,46,11.5,11.5,0,114.6,-0.3,-1,47,0,0,0,0,0,7,1,0.125
2024_01_CAR_NO,202409080nor,2024,1,REG,CAR,NO,Shaq Thompson,ThomSh01,0,2,2,1,-1,-0.5,-0.5,0,79.2,-1.5,-3,2,2,0,0,0,0,10,1,0.091
2024_01_CAR_NO,202409080nor,2024,1,REG,CAR,NO,Josey Jewell,JeweJo00,0,3,2,0.667,35,17.5,11.7,0,106.2,9.7,21,14,0,0,0,0,0,7,1,0.125
2024_01_CAR_NO,202409080nor,2024,1,REG,CAR,NO,Troy Hill,HillTr01,0,2,2,1,-1,-0.5,-0.5,0,79.2,-4.5,-9,8,0,0,0,0,0,4,1,0.2
2024_01_CAR_NO,202409080nor,2024,1,REG,CAR,NO,Jaycee Horn,HornJa00,0,1,1,1,59,59,59,1,158.3,44,44,15,0,0,0,0,0,1,1,0.5
2024_01_CAR_NO,202409080nor,2024,1,REG,CAR,NO,Eku Leota,LeotEk00,0,0,0,,,,,,,,,,3,0,0,1,1,4,0,0
2024_01_CAR_NO,202409080nor,2024,1,REG,CAR,NO,Jadeveon Clowney,ClowJa00,0,0,0,,,,,,,,,,4,1,0,0,1,1,0,0
2024_01_CAR_NO,202409080nor,2024,1,REG,CAR,NO,A'Shawn Robinson,RobiAS00,0,0,0,,,,,,,,,,0,0,0,0,0,9,1,0.1
2024_01_CAR_NO,202409080nor,2024,1,REG,CAR,NO,Nick Scott,ScotNi01,0,1,0,0,,,0,,39.6,22,,,0,0,0,0,0,0,0,
2024_01_CAR_NO,202409080nor,2024,1,REG,CAR,NO,Jamie Sheriff,SherJa01,0,0,0,,,,,,,,,,5,0,0,0,0,0,0,
2024_01_CAR_NO,202409080nor,2024,1,REG,CAR,NO,Adam Thielen,ThieAd00,0,1,0,0,,,0,,39.6,33,,,0,0,0,0,0,0,0,
2024_01_CAR_NO,202409080nor,2024,1,REG,CAR,NO,DJ Johnson,JohnDJ00,0,0,0,,,,,,,,,,6,0,0,0,0,2,0,0
2024_01_MIN_NYG,202409080nyg,2024,1,REG,NYG,MIN,Deonte Banks,BankDe00,0,4,3,0.75,56,18.7,14,1,156.2,11.5,42,14,0,0,0,0,0,4,0,0
2024_01_MIN_NYG,202409080nyg,2024,1,REG,NYG,MIN,Andru Phillips,PhilAn02,0,2,2,1,14,7,7,0,95.8,4,8,6,0,0,0,0,0,4,0,0
2024_01_MIN_NYG,202409080nyg,2024,1,REG,NYG,MIN,Bobby Okereke,OkerBo00,0,2,2,1,15,7.5,7.5,0,97.9,3,6,9,0,0,0,0,0,3,1,0.25
2024_01_MIN_NYG,202409080nyg,2024,1,REG,NYG,MIN,Cordale Flott,FlotCo00,0,2,2,1,30,15,15,1,158.3,13,26,4,0,0,0,0,0,3,0,0
2024_01_MIN_NYG,202409080nyg,2024,1,REG,NYG,MIN,Darius Muasau,MuasDa00,1,3,2,0.667,15,7.5,5,0,38.9,0,-3,18,2,0,0,0,0,6,1,0.143
2024_01_MIN_NYG,202409080nyg,2024,1,REG,NYG,MIN,Adoree' Jackson,JackAd00,0,2,2,1,9,4.5,4.5,0,85.4,1.5,3,6,0,0,0,0,0,2,0,0
2024_01_MIN_NYG,202409080nyg,2024,1,REG,NYG,MIN,Nick McCloud,McClNi00,0,2,2,1,29,14.5,14.5,0,118.7,14.5,29,0,0,0,0,0,0,2,0,0
2024_01_MIN_NYG,202409080nyg,2024,1,REG,NYG,MIN,Brian Burns,BurnBr00,0,1,1,1,5,5,5,0,87.5,5,5,0,3,1,0,0,1,4,0,0
2024_01_MIN_NYG,202409080nyg,2024,1,REG,NYG,MIN,Azeez Ojulari,OjulAz00,0,1,1,1,3,3,3,0,79.2,3,3,0,0,0,0,0,0,1,1,0.5
2024_01_MIN_NYG,202409080nyg,2024,1,REG,NYG,MIN,Tyler Nubin,NubiTy00,0,1,1,1,22,22,22,0,118.7,21,21,1,0,0,0,0,0,6,0,0
2024_01_MIN_NYG,202409080nyg,2024,1,REG,NYG,MIN,Dane Belton,BeltDa00,0,2,1,0.5,10,10,5,0,64.6,6,0,10,0,0,0,0,0,1,0,0
2024_01_MIN_NYG,202409080nyg,2024,1,REG,NYG,MIN,Dexter Lawrence,LawrDe03,0,0,0,,,,,,,,,,0,2,0,1,3,3,0,0
2024_01_MIN_NYG,202409080nyg,2024,1,REG,NYG,MIN,D.J. Davidson,DaviDJ00,0,0,0,,,,,,,,,,0,1,0,0,1,0,0,
2024_01_MIN_NYG,202409080nyg,2024,1,REG,NYG,MIN,Kayvon Thibodeaux,ThibKa00,0,0,0,,,,,,,,,,2,0,1,0,1,0,1,1
2024_01_MIN_NYG,202409080nyg,2024,1,REG,NYG,MIN,Jason Pinnock,PinnJa01,0,1,0,0,,,0,,39.6,19,,,0,0,0,0,0,2,0,0
2024_01_MIN_NYG,202409080nyg,2024,1,REG,MIN,NYG,Byron Murphy,MurpBy00,0,11,7,0.636,52,7.4,4.7,0,74.8,5.5,45,7,1,0,0,0,0,9,1,0.1
2024_01_MIN_NYG,202409080nyg,2024,1,REG,MIN,NYG,Blake Cashman,CashBl00,0,5,4,0.8,39,9.8,7.8,0,99.2,3,11,28,4,0,0,0,0,6,1,0.143
2024_01_MIN_NYG,202409080nyg,2024,1,REG,MIN,NYG,Josh Metellus,MeteJo00,0,9,3,0.333,26,8.7,2.9,0,42.4,4,16,10,1,0,1,0,1,4,0,0
2024_01_MIN_NYG,202409080nyg,2024,1,REG,MIN,NYG,Stephon Gilmore,GilmSt00,0,3,3,1,29,9.7,9.7,0,106.9,6,18,11,0,0,0,0,0,4,0,0
2024_01_MIN_NYG,202409080nyg,2024,1,REG,MIN,NYG,Ivan Pace,PaceIv00,0,2,2,1,12,6,6,0,91.7,-6,-12,24,8,2,1,0,3,6,0,0
2024_01_MIN_NYG,202409080nyg,2024,1,REG,MIN,NYG,Harrison Smith,SmitHa00,1,4,1,0.25,15,15,3.8,0,3.1,12.3,15,0,2,1,0,0,1,7,1,0.125
2024_01_MIN_NYG,202409080nyg,2024,1,REG,MIN,NYG,Shaquill Griffin,GrifSh00,0,2,1,0.5,8,8,4,0,60.4,6,5,3,0,0,0,0,0,4,1,0.2
2024_01_MIN_NYG,202409080nyg,2024,1,REG,MIN,NYG,Bobby McCain,McCaBo01,0,2,1,0.5,5,5,2.5,0,56.2,2.5,5,0,0,0,0,0,0,0,0,
2024_01_MIN_NYG,202409080nyg,2024,1,REG,MIN,NYG,Jonathan Greenard,GreeJo04,0,0,0,,,,,,,,,,0,2,1,0,3,0,1,1
2024_01_MIN_NYG,202409080nyg,2024,1,REG,MIN,NYG,Patrick Jones II,JonePa00,0,0,0,,,,,,,,,,2,1,0,2,3,4,0,0
2024_01_MIN_NYG,202409080nyg,2024,1,REG,MIN,NYG,Jihad Ward,WardJi02,0,0,0,,,,,,,,,,0,0,2,0,2,0,0,
2024_01_MIN_NYG,202409080nyg,2024,1,REG,MIN,NYG,Andrew Van Ginkel,VanGAn00,1,0,0,,,,,,,,,,2,0,1,1,2,4,0,0
2024_01_MIN_NYG,202409080nyg,2024,1,REG,MIN,NYG,Harrison Phillips,PhilHa00,0,0,0,,,,,,,,,,0,1,0,1,2,5,0,0
2024_01_MIN_NYG,202409080nyg,2024,1,REG,MIN,NYG,Dallas Turner,TurnDa01,0,0,0,,,,,,,,,,0,0,0,1,1,3,0,0
2024_01_MIN_NYG,202409080nyg,2024,1,REG,MIN,NYG,Jerry Tillery,TillJe00,0,0,0,,,,,,,,,,0,0,1,0,1,3,0,0
2024_01_MIN_NYG,202409080nyg,2024,1,REG,MIN,NYG,Camryn Bynum,BynuCa00,0,0,0,,,,,,,,,,1,0,0,0,0,4,0,0
2024_01_LV_LAC,202409080sdg,2024,1,REG,LAC,LV,Asante Samuel Jr.,SamuAs00,0,9,7,0.778,71,10.1,7.9,0,99.5,9.6,51,20,0,0,0,0,0,6,1,0.143
2024_01_LV_LAC,202409080sdg,2024,1,REG,LAC,LV,Ja'Sir Taylor,TaylJa04,0,3,3,1,19,6.3,6.3,0,93.1,2.7,8,11,1,0,0,0,0,3,0,0
2024_01_LV_LAC,202409080sdg,2024,1,REG,LAC,LV,Junior Colson,ColsJu00,0,3,2,0.667,29,14.5,9.7,0,97.9,5.7,14,15,2,1,0,0,1,4,0,0
2024_01_LV_LAC,202409080sdg,2024,1,REG,LAC,LV,Alohi Gilman,GilmAl00,0,2,2,1,26,13,13,0,118.7,5,10,16,0,0,0,0,0,4,1,0.2
2024_01_LV_LAC,202409080sdg,2024,1,REG,LAC,LV,Daiyan Henley,HenlDa00,0,2,2,1,37,18.5,18.5,1,158.3,-0.5,-1,38,3,0,0,0,0,7,1,0.125
2024_01_LV_LAC,202409080sdg,2024,1,REG,LAC,LV,Kristian Fulton,FultKr00,0,4,2,0.5,26,13,6.5,0,70.8,2.3,12,14,0,0,0,0,0,5,1,0.167
2024_01_LV_LAC,202409080sdg,2024,1,REG,LAC,LV,Derwin James,JameDe00,0,3,2,0.667,11,5.5,3.7,0,72.9,2,9,2,4,0,0,0,0,7,0,0
2024_01_LV_LAC,202409080sdg,2024,1,REG,LAC,LV,Denzel Perryman,PerrDe00,0,2,2,1,4,2,2,0,79.2,1,2,2,1,0,0,0,0,5,2,0.286
2024_01_LV_LAC,202409080sdg,2024,1,REG,LAC,LV,Bud Dupree,DuprAl00,0,2,2,1,15,7.5,7.5,0,97.9,-1.5,-3,18,1,0,0,0,0,0,2,1
2024_01_LV_LAC,202409080sdg,2024,1,REG,LAC,LV,Elijah Molden,MoldEl00,0,1,1,1,19,19,19,0,118.7,17,17,2,0,0,0,0,0,1,0,0
2024_01_LV_LAC,202409080sdg,2024,1,REG,LAC,LV,Joey Bosa,BosaJo00,0,0,0,,,,,,,,,,0,1,1,1,3,7,1,0.125
2024_01_LV_LAC,202409080sdg,2024,1,REG,LAC,LV,Khalil Mack,MackKh00,0,0,0,,,,,,,,,,0,0,0,1.5,2,3,1,0.25
2024_01_LV_LAC,202409080sdg,2024,1,REG,LAC,LV,Morgan Fox,FoxxMo00,0,0,0,,,,,,,,,,0,0,0,0.5,1,4,1,0.2
2024_01_LV_LAC,202409080sdg,2024,1,REG,LAC,LV,Poona Ford,FordPo00,1,1,0,0,,,0,,0,-5,,,0,0,1,0,1,3,0,0
2024_01_LV_LAC,202409080sdg,2024,1,REG,LAC,LV,Tuli Tuipulotu,TuipTu00,0,0,0,,,,,,,,,,1,0,0,0,0,0,0,
2024_01_LV_LAC,202409080sdg,2024,1,REG,LV,LAC,Robert Spillane,SpilRo00,0,4,4,1,27,6.8,6.8,0,94.8,1.3,5,22,1,0,0,0,0,10,1,0.091
2024_01_LV_LAC,202409080sdg,2024,1,REG,LV,LAC,Marcus Epps,EppsMa00,0,6,4,0.667,31,7.8,5.2,0,79.2,6.8,24,7,1,0,0,0,0,5,2,0.286
2024_01_LV_LAC,202409080sdg,2024,1,REG,LV,LAC,Jack Jones,JoneJa10,0,6,4,0.667,45,11.3,7.5,0,88.9,10.2,35,10,0,0,0,0,0,4,1,0.2
2024_01_LV_LAC,202409080sdg,2024,1,REG,LV,LAC,Divine Deablo,DeabDi00,0,3,3,1,29,9.7,9.7,0,106.9,0,0,29,3,0,0,0,0,3,4,0.571
2024_01_LV_LAC,202409080sdg,2024,1,REG,LV,LAC,Adam Butler,ButlAd00,0,1,1,1,2,2,2,0,79.2,-2,-2,4,0,0,1,0,1,4,0,0
2024_01_LV_LAC,202409080sdg,2024,1,REG,LV,LAC,Tre'von Moehrig,MoehTr00,0,1,1,1,10,10,10,1,147.9,5,5,5,2,0,0,0,0,3,2,0.4
2024_01_LV_LAC,202409080sdg,2024,1,REG,LV,LAC,Maxx Crosby,CrosMa00,0,0,0,,,,,,,,,,0,1,2,1,4,5,0,0
2024_01_LV_LAC,202409080sdg,2024,1,REG,LV,LAC,Nate Hobbs,HobbNa00,0,1,0,0,,,0,,39.6,5,,,4,0,1,0,1,4,0,0
2024_01_LV_LAC,202409080sdg,2024,1,REG,LV,LAC,Christian Wilkins,WilkCh00,0,0,0,,,,,,,,,,0,0,0,0,0,5,1,0.167
2024_01_LV_LAC,202409080sdg,2024,1,REG,LV,LAC,Jakorian Bennett,BennJa00,0,2,0,0,,,0,,39.6,18.5,,,0,0,0,0,0,0,0,
2024_01_LV_LAC,202409080sdg,2024,1,REG,LV,LAC,Charles Snowden,SnowCh00,0,1,0,0,,,0,,39.6,2,,,2,0,0,0,0,1,0,0
2024_01_DEN_SEA,202409080sea,2024,1,REG,SEA,DEN,Rayshawn Jenkins,JenkRa00,0,4,4,1,18,4.5,4.5,0,85.4,4,16,2,0,0,0,0,0,6,1,0.143
2024_01_DEN_SEA,202409080sea,2024,1,REG,SEA,DEN,Julian Love,LoveJu00,1,7,4,0.571,47,11.8,6.7,0,38.1,6.1,23,24,0,0,0,0,0,12,1,0.077
2024_01_DEN_SEA,202409080sea,2024,1,REG,SEA,DEN,Devon Witherspoon,WithDe00,0,8,3,0.375,17,5.7,2.1,0,45.8,8.3,6,11,3,1,0,0,1,7,2,0.222
2024_01_DEN_SEA,202409080sea,2024,1,REG,SEA,DEN,Jerome Baker,BakeJe00,0,3,3,1,6,2,2,0,79.2,-1.7,-5,11,2,0,0,0,0,5,0,0
2024_01_DEN_SEA,202409080sea,2024,1,REG,SEA,DEN,Tre Brown,BrowTr03,0,4,3,0.75,35,11.7,8.8,0,101,10.5,35,0,0,0,0,0,0,3,0,0
2024_01_DEN_SEA,202409080sea,2024,1,REG,SEA,DEN,Tyrel Dodson,DodsTy01,0,9,2,0.222,10,5,1.1,0,39.6,2.6,-6,16,3,0,0,0,0,10,1,0.091
2024_01_DEN_SEA,202409080sea,2024,1,REG,SEA,DEN,K'Von Wallace,WallKV00,0,1,1,1,1,1,1,0,79.2,-1,-1,2,0,0,0,0,0,1,0,0
2024_01_DEN_SEA,202409080sea,2024,1,REG,SEA,DEN,Boye Mafe,MafeBo00,0,1,0,0,4,,4,0,43.7,2,2,2,2,2,1,1,4,4,0,0
2024_01_DEN_SEA,202409080sea,2024,1,REG,SEA,DEN,Derick Hall,HallDe04,0,0,0,,,,,,,,,,0,1,2,1,4,2,0,0
2024_01_DEN_SEA,202409080sea,2024,1,REG,SEA,DEN,Leonard Williams,WillLe02,0,0,0,,,,,,,,,,0,0,4,0,4,2,1,0.333
2024_01_DEN_SEA,202409080sea,2024,1,REG,SEA,DEN,Mike Morris,MorrMi00,0,0,0,,,,,,,,,,0,1,0,0,1,2,0,0
2024_01_DEN_SEA,202409080sea,2024,1,REG,SEA,DEN,Byron Murphy,MurpBy01,0,0,0,,,,,,,,,,0,1,0,0,1,2,0,0
2024_01_DEN_SEA,202409080sea,2024,1,REG,SEA,DEN,Dre'Mont Jones,JoneDr00,0,1,0,0,,,0,,39.6,14,,,0,0,0,0,0,1,0,0
2024_01_DEN_SEA,202409080sea,2024,1,REG,SEA,DEN,Trevis Gipson,GipsTr00,0,0,0,,,,,,,,,,1,0,0,0,0,0,0,
2024_01_DEN_SEA,202409080sea,2024,1,REG,SEA,DEN,Riq Woolen,WoolTa00,1,4,0,0,,,0,,0,16.5,,,0,0,0,0,0,3,1,0.25
2024_01_DEN_SEA,202409080sea,2024,1,REG,DEN,SEA,Riley Moss,MossRi00,0,9,6,0.667,77,12.8,8.6,0,93.3,12.2,69,8,0,0,0,0,0,12,2,0.143
2024_01_DEN_SEA,202409080sea,2024,1,REG,DEN,SEA,Patrick Surtain II,SurtPa01,0,5,3,0.6,39,13,7.8,0,84.6,11.4,29,10,0,0,0,0,0,6,0,0
2024_01_DEN_SEA,202409080sea,2024,1,REG,DEN,SEA,Alex Singleton,SingAl00,1,2,2,1,38,19,19,1,118.7,7,14,24,4,0,0,0,0,9,3,0.25
2024_01_DEN_SEA,202409080sea,2024,1,REG,DEN,SEA,Ja'Quan McMillian,McMiJa00,0,2,1,0.5,-1,-1,-0.5,0,56.2,-4,-8,7,0,0,0,0,0,4,1,0.2
2024_01_DEN_SEA,202409080sea,2024,1,REG,DEN,SEA,P.J. Locke,LockPJ00,0,1,1,1,-2,-2,-2,0,79.2,-3,-3,1,0,0,0,0,0,4,1,0.2
2024_01_DEN_SEA,202409080sea,2024,1,REG,DEN,SEA,Jonathon Cooper,CoopJo02,0,0,0,,,,,,,,,,6,0,2,2,4,6,0,0
2024_01_DEN_SEA,202409080sea,2024,1,REG,DEN,SEA,Zach Allen,AlleZa01,0,1,0,0,,,0,,39.6,-6,,,0,1,1,0,2,2,0,0
2024_01_DEN_SEA,202409080sea,2024,1,REG,DEN,SEA,D.J. Jones,JoneD.01,0,0,0,,,,,,,,,,0,0,1,0,1,3,0,0
2024_01_DEN_SEA,202409080sea,2024,1,REG,DEN,SEA,Nik Bonitto,BoniNi00,0,1,0,0,9,,9,0,64.6,5,5,4,4,0,1,0,1,1,1,0.5
2024_01_DEN_SEA,202409080sea,2024,1,REG,DEN,SEA,Kristian Welch,WelcKr00,0,1,0,0,,,0,,39.6,-2,,,0,0,0,0,0,3,0,0
2024_01_DEN_SEA,202409080sea,2024,1,REG,DEN,SEA,Jonah Elliss,ElliJo03,0,0,0,,,,,,,,,,2,0,0,0,0,0,0,
2024_01_DEN_SEA,202409080sea,2024,1,REG,DEN,SEA,Levi Wallace,WallLe00,0,1,0,0,,,0,,39.6,2,,,0,0,0,0,0,0,0,
2024_01_DEN_SEA,202409080sea,2024,1,REG,DEN,SEA,Brandon Jones,JoneBr06,0,2,0,0,11,,5.5,0,50,-1,-2,13,0,0,0,0,0,6,1,0.143
2024_01_DEN_SEA,202409080sea,2024,1,REG,DEN,SEA,Baron Browning,BrowBa01,0,0,0,,,,,,,,,,3,0,0,0,0,5,0,0
2024_01_DEN_SEA,202409080sea,2024,1,REG,DEN,SEA,Cody Barton,BartCo00,0,0,0,,,,,,,,,,1,0,0,0,0,2,0,0
2024_01_DAL_CLE,202409080cle,2024,1,REG,CLE,DAL,Jeremiah Owusu-Koramoah,OwusJe00,0,4,4,1,21,5.3,5.3,0,88.5,-1,-4,25,5,0,0,0,0,9,1,0.1
2024_01_DAL_CLE,202409080cle,2024,1,REG,CLE,DAL,Jordan Hicks,HickJo00,0,3,3,1,23,7.7,7.7,0,98.6,-1.3,-4,27,4,1,0,0,1,7,0,0
2024_01_DAL_CLE,202409080cle,2024,1,REG,CLE,DAL,Greg Newsome II,NewsGr00,0,6,3,0.5,31,10.3,5.2,0,65.3,4,10,21,2,0,0,0,0,1,0,0
2024_01_DAL_CLE,202409080cle,2024,1,REG,CLE,DAL,Martin Emerson,EmerMa00,0,6,3,0.5,43,14.3,7.2,0,73.6,18.7,38,5,0,0,0,0,0,8,2,0.2
2024_01_DAL_CLE,202409080cle,2024,1,REG,CLE,DAL,Juan Thornhill,ThorJu00,0,3,2,0.667,20,10,6.7,1,125,10.3,17,3,0,0,0,0,0,9,1,0.1
2024_01_DAL_CLE,202409080cle,2024,1,REG,CLE,DAL,Cameron Mitchell,MitcCa01,0,2,1,0.5,7,7,3.5,0,58.3,3,0,7,0,0,0,0,0,0,1,1
2024_01_DAL_CLE,202409080cle,2024,1,REG,CLE,DAL,Grant Delpit,DelpGr00,0,2,1,0.5,0,0,0,0,56.2,9,-2,2,3,0,0,0,0,4,0,0
2024_01_DAL_CLE,202409080cle,2024,1,REG,CLE,DAL,Denzel Ward,WardDe02,0,5,1,0.2,34,34,6.8,0,55.4,14.2,24,10,0,0,0,0,0,0,2,1
2024_01_DAL_CLE,202409080cle,2024,1,REG,CLE,DAL,Myles Garrett,GarrMy00,0,0,0,,,,,,,,,,0,2,1,1,4,2,1,0.333
2024_01_DAL_CLE,202409080cle,2024,1,REG,CLE,DAL,Shelby Harris,HarrSh00,0,0,0,,,,,,,,,,0,1,1,0,2,2,0,0
2024_01_DAL_CLE,202409080cle,2024,1,REG,CLE,DAL,Za'Darius Smith,SmitZa00,0,0,0,,,,,,,,,,0,0,0,1,1,3,0,0
2024_01_DAL_CLE,202409080cle,2024,1,REG,CLE,DAL,Dalvin Tomlinson,TomlDa00,0,0,0,,,,,,,,,,0,0,0,1,1,3,0,0
2024_01_DAL_CLE,202409080cle,2024,1,REG,CLE,DAL,Devin Bush Jr.,BushDe01,0,0,0,,,,,,,,,,0,0,0,0,0,2,1,0.333
2024_01_DAL_CLE,202409080cle,2024,1,REG,CLE,DAL,Tony Fields,FielTo00,0,0,0,,,,,,,,,,1,0,0,0,0,2,0,0
2024_01_DAL_CLE,202409080cle,2024,1,REG,CLE,DAL,Alex Wright,WrigAl01,0,0,0,,,,,,,,,,0,0,0,0,0,2,1,0.333
2024_01_DAL_CLE,202409080cle,2024,1,REG,DAL,CLE,DeMarvion Overshown,OverDe00,0,7,7,1,71,10.1,10.1,0,108.9,3,21,50,1,1,1,1,3,11,1,0.083
2024_01_DAL_CLE,202409080cle,2024,1,REG,DAL,CLE,Caelen Carson,CarsCa01,0,10,5,0.5,44,8.8,4.4,1,95.4,11,33,11,0,0,0,0,0,4,0,0
2024_01_DAL_CLE,202409080cle,2024,1,REG,DAL,CLE,Trevon Diggs,DiggTr00,1,11,4,0.364,19,4.8,1.7,0,7,13.5,-1,20,0,0,0,0,0,5,1,0.167
2024_01_DAL_CLE,202409080cle,2024,1,REG,DAL,CLE,Jourdan Lewis,LewiJo01,0,4,3,0.75,13,4.3,3.3,0,78.1,2,3,10,2,0,0,0,0,5,0,0
2024_01_DAL_CLE,202409080cle,2024,1,REG,DAL,CLE,Eric Kendricks,KendEr00,1,4,2,0.5,7,3.5,1.8,0,16.7,3.3,2,5,3,0,0,2,2,9,0,0
2024_01_DAL_CLE,202409080cle,2024,1,REG,DAL,CLE,Micah Parsons,ParsMi00,0,1,1,1,2,2,2,0,79.2,-4,-4,6,4,1,4,1,6,4,2,0.333
2024_01_DAL_CLE,202409080cle,2024,1,REG,DAL,CLE,Malik Hooker,HookMa00,0,1,1,1,13,13,13,0,118.7,13,13,0,0,0,0,0,0,4,0,0
2024_01_DAL_CLE,202409080cle,2024,1,REG,DAL,CLE,DeMarcus Lawrence,LawrDe00,0,0,0,,,,,,,,,,0,2,3,2,7,5,3,0.375
2024_01_DAL_CLE,202409080cle,2024,1,REG,DAL,CLE,Marshawn Kneeland,KneeMa00,0,0,0,,,,,,,,,,0,1,2,0,3,3,0,0
2024_01_DAL_CLE,202409080cle,2024,1,REG,DAL,CLE,Jordan Phillips,PhilJo01,0,0,0,,,,,,,,,,0,1,1,0,2,1,0,0
2024_01_DAL_CLE,202409080cle,2024,1,REG,DAL,CLE,Osa Odighizuwa,OdigOs00,0,0,0,,,,,,,,,,0,1,1,0,2,3,0,0
2024_01_DAL_CLE,202409080cle,2024,1,REG,DAL,CLE,Chauncey Golston,GolsCh00,0,0,0,,,,,,,,,,0,1,0,0,1,1,0,0
2024_01_DAL_CLE,202409080cle,2024,1,REG,DAL,CLE,Marist Liufau,LiufMa00,0,0,0,,,,,,,,,,2,0,0,0,0,2,0,0
2024_01_DAL_CLE,202409080cle,2024,1,REG,DAL,CLE,Donovan Wilson,WilsDo01,0,1,0,0,,,0,,39.6,11,,,0,0,0,0,0,2,0,0
2024_01_DAL_CLE,202409080cle,2024,1,REG,DAL,CLE,Nick Vigil,VigiNi00,0,0,0,,,,,,,,,,2,0,0,0,0,2,0,0
2024_01_DAL_CLE,202409080cle,2024,1,REG,DAL,CLE,Israel Mukuamu,MukuIs00,0,1,0,0,,,0,,39.6,34,,,0,0,0,0,0,0,0,
2024_01_DAL_CLE,202409080cle,2024,1,REG,DAL,CLE,Damone Clark,ClarDa02,0,3,0,0,,,0,,39.6,6,,,1,0,0,0,0,4,0,0
2024_01_WAS_TB,202409080tam,2024,1,REG,TB,WAS,Lavonte David,DaviLa00,0,5,5,1,56,11.2,11.2,0,113.3,3,15,41,3,1,0,0,1,6,1,0.143
2024_01_WAS_TB,202409080tam,2024,1,REG,TB,WAS,SirVocea Dennis,DennSi00,0,3,3,1,24,8,8,0,100,-3,-9,33,6,1,0,1,2,7,0,0
2024_01_WAS_TB,202409080tam,2024,1,REG,TB,WAS,Jamel Dean,DeanJa00,0,3,2,0.667,23,11.5,7.7,0,89.6,17.7,7,16,0,0,0,0,0,5,0,0
2024_01_WAS_TB,202409080tam,2024,1,REG,TB,WAS,Zyon McCollum,McCoZy02,0,2,2,1,13,6.5,6.5,0,93.7,-1,-2,15,0,0,0,0,0,1,1,0.5
2024_01_WAS_TB,202409080tam,2024,1,REG,TB,WAS,Tykee Smith,SmitTy05,0,2,2,1,25,12.5,12.5,0,118.7,10,20,5,2,0,0,0,0,2,0,0
2024_01_WAS_TB,202409080tam,2024,1,REG,TB,WAS,Anthony Nelson,NelsAn01,0,1,1,1,6,6,6,0,91.7,-2,-2,8,0,1,0,0,1,2,0,0
2024_01_WAS_TB,202409080tam,2024,1,REG,TB,WAS,K.J. Britt,BritKJ00,0,2,1,0.5,32,32,16,0,95.8,0.5,4,28,2,1,0,0,1,5,3,0.375
2024_01_WAS_TB,202409080tam,2024,1,REG,TB,WAS,Bryce Hall,HallBr02,0,3,1,0.333,5,5,1.7,0,42.4,12.3,-3,8,0,0,0,0,0,0,0,
2024_01_WAS_TB,202409080tam,2024,1,REG,TB,WAS,Joe Tryon-Shoyinka,TryoJo00,0,0,0,,,,,,,,,,4,0,1,1,2,2,0,0
2024_01_WAS_TB,202409080tam,2024,1,REG,TB,WAS,Markees Watts,WattMa00,0,0,0,,,,,,,,,,0,1,0,0,1,0,0,
2024_01_WAS_TB,202409080tam,2024,1,REG,TB,WAS,YaYa Diaby,DiabYa00,0,0,0,,,,,,,,,,4,1,0,0,1,0,0,
2024_01_WAS_TB,202409080tam,2024,1,REG,TB,WAS,C.J. Brewer,BrewCJ00,0,0,0,,,,,,,,,,0,0,0,0,0,2,1,0.333
2024_01_WAS_TB,202409080tam,2024,1,REG,TB,WAS,Chris Braswell,BrasCh01,0,0,0,,,,,,,,,,6,0,0,0,0,1,0,0
2024_01_WAS_TB,202409080tam,2024,1,REG,TB,WAS,Christian Izien,IzieCh00,0,2,0,0,,,0,,39.6,2.5,,,0,0,0,0,0,2,1,0.333
2024_01_WAS_TB,202409080tam,2024,1,REG,TB,WAS,Jordan Whitehead,WhitJo03,0,1,0,0,,,0,,39.6,7,,,2,0,0,0,0,8,0,0
2024_01_WAS_TB,202409080tam,2024,1,REG,TB,WAS,Antoine Winfield Jr.,WinfAn00,0,0,0,,,,,,,,,,3,0,0,0,0,7,0,0
2024_01_WAS_TB,202409080tam,2024,1,REG,WAS,TB,Benjamin St-Juste,StJuBe00,0,9,7,0.778,85,12.1,9.4,2,145.6,5.7,32,53,0,0,0,0,0,5,1,0.167
2024_01_WAS_TB,202409080tam,2024,1,REG,WAS,TB,Mike Sainristil,SainMi00,0,6,5,0.833,58,11.6,9.7,2,146.5,9.2,37,21,4,0,0,0,0,6,0,0
2024_01_WAS_TB,202409080tam,2024,1,REG,WAS,TB,Emmanuel Forbes,ForbEm00,0,3,3,1,30,10,10,0,108.3,7.3,22,8,0,0,0,0,0,4,1,0.2
2024_01_WAS_TB,202409080tam,2024,1,REG,WAS,TB,Dorance Armstrong Jr.,ArmsDo00,0,2,2,1,20,10,10,0,108.3,2.5,5,15,0,1,1,0,2,1,2,0.667
2024_01_WAS_TB,202409080tam,2024,1,REG,WAS,TB,Bobby Wagner,WagnBo00,0,2,2,1,26,13,13,0,118.7,-3.5,-7,33,2,1,0,0,1,10,2,0.167
2024_01_WAS_TB,202409080tam,2024,1,REG,WAS,TB,Quan Martin,MartJa04,0,2,2,1,43,21.5,21.5,0,118.7,19,38,5,0,0,0,0,0,9,0,0
2024_01_WAS_TB,202409080tam,2024,1,REG,WAS,TB,Frankie Luvu,LuvuFr00,0,2,1,0.5,5,5,2.5,0,56.2,5,0,5,9,2,0,0,2,5,0,0
2024_01_WAS_TB,202409080tam,2024,1,REG,WAS,TB,Clelin Ferrell,FerrCl00,0,1,1,1,5,5,5,0,87.5,-7,-7,12,0,0,0,1,1,2,0,0
2024_01_WAS_TB,202409080tam,2024,1,REG,WAS,TB,Noah Igbinoghene,IgbiNo00,0,2,1,0.5,24,24,12,0,93.7,1.5,-4,28,0,0,0,0,0,1,0,0
2024_01_WAS_TB,202409080tam,2024,1,REG,WAS,TB,Percy Butler,ButlPe00,0,1,1,1,4,4,4,0,83.3,-5,-5,9,0,0,0,0,0,2,0,0
2024_01_WAS_TB,202409080tam,2024,1,REG,WAS,TB,Jeremy Chinn,ChinJe00,0,2,1,0.5,32,32,16,1,135.4,16.5,29,3,2,0,0,0,0,3,0,0
2024_01_WAS_TB,202409080tam,2024,1,REG,WAS,TB,Daron Payne,PaynDa00,0,0,0,,,,,,,,,,0,2,0,0,2,1,2,0.667
2024_01_WAS_TB,202409080tam,2024,1,REG,WAS,TB,Jonathan Allen,AlleJo01,0,0,0,,,,,,,,,,0,1,1,0,2,2,1,0.333
2024_01_WAS_TB,202409080tam,2024,1,REG,WAS,TB,Javontae Jean-Baptiste,JeanJa00,0,0,0,,,,,,,,,,0,1,1,0,2,0,0,
2024_01_WAS_TB,202409080tam,2024,1,REG,WAS,TB,Dante Fowler,FowlDa00,0,0,0,,,,,,,,,,5,0,0,0,0,2,0,0
2024_01_LA_DET,202409080det,2024,1,REG,DET,LA,Alex Anzalone,AnzaAl00,0,10,9,0.9,41,4.6,4.1,0,83.7,1.6,14,27,5,0,0,0,0,13,0,0
2024_01_LA_DET,202409080det,2024,1,REG,DET,LA,Terrion Arnold,ArnoTe00,0,10,8,0.8,68,8.5,6.8,1,128.3,9.6,51,17,0,0,0,0,0,8,0,0
2024_01_LA_DET,202409080det,2024,1,REG,DET,LA,Carlton Davis,DaviCa02,0,12,7,0.583,99,14.1,8.3,0,85.1,5.7,27,72,1,0,0,0,0,10,1,0.091
2024_01_LA_DET,202409080det,2024,1,REG,DET,LA,Brian Branch,BranBr00,0,9,6,0.667,57,9.5,6.3,0,84,6,24,33,0,0,0,0,0,7,1,0.125
2024_01_LA_DET,202409080det,2024,1,REG,DET,LA,Kerby Joseph,JoseKe03,1,4,2,0.5,18,9,4.5,0,22.9,7,12,6,0,0,0,0,0,6,0,0
2024_01_LA_DET,202409080det,2024,1,REG,DET,LA,Jack Campbell,CampJa04,0,2,2,1,11,5.5,5.5,0,89.6,4,8,3,2,0,0,0,0,7,1,0.125
2024_01_LA_DET,202409080det,2024,1,REG,DET,LA,Amik Robertson,RobeAm00,0,2,1,0.5,20,20,10,0,85.4,6.5,7,13,2,0,0,0,0,2,1,0.333
2024_01_LA_DET,202409080det,2024,1,REG,DET,LA,Derrick Barnes,BarnDe02,0,1,1,1,13,13,13,0,118.7,11,11,2,6,0,0,0,0,4,2,0.333
2024_01_LA_DET,202409080det,2024,1,REG,DET,LA,Aidan Hutchinson,HutcAi00,0,0,0,,,,,,,,,,0,3,3,1,7,5,1,0.167
2024_01_LA_DET,202409080det,2024,1,REG,DET,LA,Marcus Davenport,DaveMa00,0,0,0,,,,,,,,,,0,2,3,0.5,6,1,0,0
2024_01_LA_DET,202409080det,2024,1,REG,DET,LA,Levi Onwuzurike,OnwuLe00,0,0,0,,,,,,,,,,0,0,1,0.5,2,2,0,0
2024_01_LA_DET,202409080det,2024,1,REG,DET,LA,Kyle Peko,PekoKy00,0,0,0,,,,,,,,,,0,0,1,0,1,1,0,0
2024_01_LA_DET,202409080det,2024,1,REG,DET,LA,Mekhi Wingo,WingMe00,0,0,0,,,,,,,,,,0,0,1,0,1,0,0,
2024_01_LA_DET,202409080det,2024,1,REG,DET,LA,Malcolm Rodriguez,RodrMa00,0,0,0,,,,,,,,,,4,0,0,0,0,4,0,0
2024_01_LA_DET,202409080det,2024,1,REG,LA,DET,Christian Rozeboom,RozeCh00,0,5,4,0.8,33,8.3,6.6,0,94.2,0.8,4,29,0,0,0,0,0,9,1,0.1
2024_01_LA_DET,202409080det,2024,1,REG,LA,DET,Tre'Davious White,WhitTr01,0,5,3,0.6,71,23.7,14.2,1,143.7,13,48,23,0,0,0,0,0,5,3,0.375
2024_01_LA_DET,202409080det,2024,1,REG,LA,DET,Troy Reeder,ReedTr01,0,5,3,0.6,41,13.7,8.2,0,86.2,2.2,3,38,1,0,0,0,0,8,2,0.2
2024_01_LA_DET,202409080det,2024,1,REG,LA,DET,Quentin Lake,LakeQu00,0,4,2,0.5,41,20.5,10.3,0,86.5,16.3,19,22,1,0,1,0,1,10,2,0.167
2024_01_LA_DET,202409080det,2024,1,REG,LA,DET,Cobie Durant,DuraDe01,0,3,2,0.667,14,7,4.7,0,77.1,8.7,10,4,1,0,1,0,1,3,0,0
2024_01_LA_DET,202409080det,2024,1,REG,LA,DET,Kamren Curl,CurlKa00,0,4,2,0.5,4,2,1,0,56.2,5.5,-6,10,0,0,0,0,0,5,3,0.375
2024_01_LA_DET,202409080det,2024,1,REG,LA,DET,John Johnson,JohnJo10,1,3,2,0.667,8,4,2.7,0,30.6,3.7,1,7,0,0,0,0,0,6,1,0.143
2024_01_LA_DET,202409080det,2024,1,REG,LA,DET,Kobie Turner,TurnKo00,0,1,1,1,14,14,14,0,118.7,-5,-5,19,0,0,0,0,0,2,1,0.333
2024_01_LA_DET,202409080det,2024,1,REG,LA,DET,Jared Verse,VersJa00,0,0,0,,,,,,,,,,2,0,1,1,2,4,0,0
2024_01_LA_DET,202409080det,2024,1,REG,LA,DET,Byron Young,YounBy01,0,0,0,,,,,,,,,,2,0,0,1,1,4,1,0.2
2024_01_LA_DET,202409080det,2024,1,REG,LA,DET,Braden Fiske,FiskBr00,0,0,0,,,,,,,,,,0,1,0,0,1,5,0,0
2024_01_LA_DET,202409080det,2024,1,REG,LA,DET,Michael Hoecht,HoecMi00,0,0,0,,,,,,,,,,1,0,0,0,0,1,0,0
2024_01_LA_DET,202409080det,2024,1,REG,LA,DET,Bobby Brown,BrowBo04,0,0,0,,,,,,,,,,0,0,0,0,0,3,1,0.25
2024_01_NYJ_SF,202409090sfo,2024,1,REG,SF,NYJ,Deommodore Lenoir,LenoDe00,0,7,4,0.571,42,10.5,6,0,74.7,10,19,23,0,0,0,0,0,4,0,0
2024_01_NYJ_SF,202409090sfo,2024,1,REG,SF,NYJ,De'Vondre Campbell,CampDe00,0,5,4,0.8,30,7.5,6,0,91.7,0.6,3,27,3,0,0,0,0,5,2,0.286
2024_01_NYJ_SF,202409090sfo,2024,1,REG,SF,NYJ,George Odum,OdumGe00,0,3,3,1,58,19.3,19.3,1,158.3,12.7,38,20,0,0,0,0,0,3,1,0.25
2024_01_NYJ_SF,202409090sfo,2024,1,REG,SF,NYJ,Charvarius Ward,WardCh01,0,5,2,0.4,14,7,2.8,0,47.9,7.8,9,5,0,0,0,0,0,3,0,0
2024_01_NYJ_SF,202409090sfo,2024,1,REG,SF,NYJ,Fred Warner,WarnFr00,0,3,2,0.667,5,2.5,1.7,0,70.1,2.7,4,1,0,0,0,0,0,7,1,0.125
2024_01_NYJ_SF,202409090sfo,2024,1,REG,SF,NYJ,Isaac Yiadom,YiadIs00,0,4,2,0.5,29,14.5,7.3,1,113.5,7.3,16,13,0,0,0,0,0,4,0,0
2024_01_NYJ_SF,202409090sfo,2024,1,REG,SF,NYJ,Demetrius Flannigan-Fowles,FlanDe00,1,1,1,1,12,12,12,0,77.1,1,1,11,0,0,0,0,0,1,1,0.5
2024_01_NYJ_SF,202409090sfo,2024,1,REG,SF,NYJ,Robert Beal,BealRo00,0,1,1,1,13,13,13,0,118.7,-4,-4,17,0,0,0,0,0,2,0,0
2024_01_NYJ_SF,202409090sfo,2024,1,REG,SF,NYJ,Nick Bosa,BosaNi00,0,0,0,,,,,,,,,,0,1,2,0,3,2,0,0
2024_01_NYJ_SF,202409090sfo,2024,1,REG,SF,NYJ,Leonard Floyd,FloyLe00,0,0,0,,,,,,,,,,0,1,0,1,2,2,1,0.333
2024_01_NYJ_SF,202409090sfo,2024,1,REG,SF,NYJ,Jordan Elliott,ElliJo02,0,0,0,,,,,,,,,,0,0,1,0,1,0,0,
2024_01_NYJ_SF,202409090sfo,2024,1,REG,SF,NYJ,Ji'Ayir Brown,BrowJi01,0,0,0,,,,,,,,,,1,0,0,0,0,3,0,0
2024_01_NYJ_SF,202409090sfo,2024,1,REG,NYJ,SF,C.J. Mosley,MoslC.00,0,4,4,1,35,8.8,8.8,0,103.1,5,20,15,3,0,0,0,0,9,0,0
2024_01_NYJ_SF,202409090sfo,2024,1,REG,NYJ,SF,Quincy Williams,WillQu01,0,5,3,0.6,17,5.7,3.4,0,66.2,4.6,15,2,3,0,0,0,0,6,0,0
2024_01_NYJ_SF,202409090sfo,2024,1,REG,NYJ,SF,Tony Adams,AdamTo03,0,5,2,0.4,40,20,8,0,68.7,15,34,6,1,0,0,1,1,12,1,0.077
2024_01_NYJ_SF,202409090sfo,2024,1,REG,NYJ,SF,Michael Carter II,CartMi02,0,4,2,0.5,19,9.5,4.8,0,63.5,13.5,17,2,0,0,0,0,0,2,0,0
2024_01_NYJ_SF,202409090sfo,2024,1,REG,NYJ,SF,Ashtyn Davis,DaviAs00,0,2,2,1,59,29.5,29.5,0,118.7,16,32,27,0,0,0,0,0,2,1,0.333
2024_01_NYJ_SF,202409090sfo,2024,1,REG,NYJ,SF,D.J. Reed,ReedD.00,0,3,2,0.667,29,14.5,9.7,0,97.9,9.7,23,6,1,0,0,0,0,9,1,0.1
2024_01_NYJ_SF,202409090sfo,2024,1,REG,NYJ,SF,Quinnen Williams,WillQu00,0,1,1,1,0,0,0,0,79.2,-1,-1,1,0,1,1,0,2,3,0,0
2024_01_NYJ_SF,202409090sfo,2024,1,REG,NYJ,SF,Sauce Gardner,GardSa00,0,3,1,0.333,22,22,7.3,0,60.4,12.3,18,4,1,0,0,1,1,3,1,0.25
2024_01_NYJ_SF,202409090sfo,2024,1,REG,NYJ,SF,Qwan'tez Stiggers,StigQw00,0,1,1,1,8,8,8,0,100,7,7,1,0,0,0,0,0,0,1,1
2024_01_NYJ_SF,202409090sfo,2024,1,REG,NYJ,SF,Chuck Clark,ClarCh00,0,1,1,1,2,2,2,0,79.2,1,1,1,0,0,0,0,0,5,1,0.167
2024_01_NYJ_SF,202409090sfo,2024,1,REG,NYJ,SF,Micheal Clemons,ClemMi03,0,0,0,,,,,,,,,,0,1,0,1,2,2,0,0
2024_01_NYJ_SF,202409090sfo,2024,1,REG,NYJ,SF,Jermaine Johnson II,JohnJe07,0,0,0,,,,,,,,,,4,1,0,0,1,2,0,0
2024_01_NYJ_SF,202409090sfo,2024,1,REG,NYJ,SF,Will McDonald,McDoWi00,0,0,0,,,,,,,,,,0,1,0,0,1,1,0,0
2024_01_NYJ_SF,202409090sfo,2024,1,REG,NYJ,SF,Chazz Surratt,SurrCh00,0,0,0,,,,,,,,,,1,0,0,0,0,1,0,0
2024_01_NYJ_SF,202409090sfo,2024,1,REG,NYJ,SF,Jamien Sherwood,SherJa00,0,2,0,0,,,0,,39.6,0,,,0,0,0,0,0,4,1,0.2
2024_01_NYJ_SF,202409090sfo,2024,1,REG,NYJ,SF,Solomon Thomas,ThomSo00,0,0,0,,,,,,,,,,0,0,0,0,0,4,2,0.333
2024_02_BUF_MIA,202409120mia,2024,2,REG,MIA,BUF,David Long,LongDa04,0,6,5,0.833,50,10,8.3,1,141,2.2,13,37,1,1,0,0,1,11,0,0
2024_02_BUF_MIA,202409120mia,2024,2,REG,MIA,BUF,Jordan Poyer,PoyeJo00,0,2,2,1,29,14.5,14.5,0,118.7,7.5,15,14,1,0,0,0,0,4,1,0.2
2024_02_BUF_MIA,202409120mia,2024,2,REG,MIA,BUF,Jalen Ramsey,RamsJa00,0,2,2,1,40,20,20,0,118.7,15,30,10,0,0,0,0,0,3,2,0.4
2024_02_BUF_MIA,202409120mia,2024,2,REG,MIA,BUF,Jordyn Brooks,BrooJo01,0,4,1,0.25,9,9,2.3,0,39.6,14,-2,11,2,1,0,0,1,6,0,0
2024_02_BUF_MIA,202409120mia,2024,2,REG,MIA,BUF,Kader Kohou,KohoKa00,0,2,1,0.5,12,12,6,0,68.7,0,6,6,1,0,0,0,0,2,0,0
2024_02_BUF_MIA,202409120mia,2024,2,REG,MIA,BUF,Jaelan Phillips,PhilJa02,0,1,1,1,9,9,9,0,104.2,-1,-1,10,0,0,0,0,0,0,1,1
2024_02_BUF_MIA,202409120mia,2024,2,REG,MIA,BUF,Chop Robinson,RobiCh00,0,1,1,1,-1,-1,-1,0,79.2,-9,-9,8,0,0,0,0,0,2,0,0
2024_02_BUF_MIA,202409120mia,2024,2,REG,MIA,BUF,Kendall Fuller,FullKe00,0,2,0,0,,,0,,39.6,25,,,0,0,0,0,0,4,0,0
2024_02_BUF_MIA,202409120mia,2024,2,REG,MIA,BUF,Jevon Holland,HollJe02,0,2,0,0,9,,4.5,0,45.8,5.5,-2,11,0,0,0,0,0,4,0,0
2024_02_BUF_MIA,202409120mia,2024,2,REG,BUF,MIA,Christian Benford,BenfCh00,1,10,7,0.7,39,5.6,3.9,0,37.1,9.7,-4,43,0,0,0,0,0,7,0,0
2024_02_BUF_MIA,202409120mia,2024,2,REG,BUF,MIA,Dorian Williams,WillDo04,0,7,6,0.857,74,12.3,10.6,0,110.7,4.6,32,42,1,0,0,0,0,10,0,0
2024_02_BUF_MIA,202409120mia,2024,2,REG,BUF,MIA,Cameron Lewis,LewiCa00,0,7,5,0.714,41,8.2,5.9,1,125.6,3.1,6,35,1,0,0,0,0,4,1,0.2
2024_02_BUF_MIA,202409120mia,2024,2,REG,BUF,MIA,Baylon Spector,SpecBa00,0,2,2,1,12,6,6,0,91.7,1.5,3,9,0,0,0,0,0,10,0,0
2024_02_BUF_MIA,202409120mia,2024,2,REG,BUF,MIA,Rasul Douglas,DougRa00,0,5,2,0.4,32,16,6.4,0,62.1,9.2,15,17,0,0,0,0,0,6,0,0
2024_02_BUF_MIA,202409120mia,2024,2,REG,BUF,MIA,Damar Hamlin,HamlDa00,0,5,2,0.4,28,14,5.6,0,58.7,12.8,23,5,0,0,0,0,0,10,0,0
2024_02_BUF_MIA,202409120mia,2024,2,REG,BUF,MIA,Terrel Bernard,BernTe00,0,2,1,0.5,23,23,11.5,0,91.7,7.5,15,8,0,0,0,0,0,2,0,0
2024_02_BUF_MIA,202409120mia,2024,2,REG,BUF,MIA,Cole Bishop,BishCo00,0,3,1,0.333,13,13,4.3,0,47.9,11.7,13,0,0,0,0,0,0,1,0,0
2024_02_BUF_MIA,202409120mia,2024,2,REG,BUF,MIA,Von Miller,MillVo00,0,0,0,,,,,,,,,,0,0,0,1,1,2,0,0
2024_02_BUF_MIA,202409120mia,2024,2,REG,BUF,MIA,Ed Oliver,OlivEd00,0,0,0,,,,,,,,,,0,0,0,1,1,3,0,0
2024_02_BUF_MIA,202409120mia,2024,2,REG,BUF,MIA,Kingsley Jonathan,JonaKi00,0,0,0,,,,,,,,,,0,0,1,0,1,0,0,
2024_02_BUF_MIA,202409120mia,2024,2,REG,BUF,MIA,Austin Johnson,JohnAu01,0,0,0,,,,,,,,,,0,0,1,0,1,2,0,0
2024_02_BUF_MIA,202409120mia,2024,2,REG,BUF,MIA,A.J. Epenesa,EpenAJ00,0,0,0,,,,,,,,,,0,0,1,0,1,3,0,0
2024_02_BUF_MIA,202409120mia,2024,2,REG,BUF,MIA,Ja'Marcus Ingram,IngrJa00,2,3,0,0,,,0,,0,10,,,0,0,0,0,0,0,0,
2024_02_BUF_MIA,202409120mia,2024,2,REG,BUF,MIA,Mike Edwards,EdwaMi01,0,1,0,0,,,0,,39.6,19,,,0,0,0,0,0,0,0,
2024_02_BUF_MIA,202409120mia,2024,2,REG,BUF,MIA,Taylor Rapp,RappTa00,0,0,0,,,,,,,,,,0,0,0,0,0,5,1,0.167
2024_02_LV_BAL,202409150rav,2024,2,REG,BAL,LV,Marlon Humphrey,HumpMa00,1,9,6,0.667,45,7.5,5,1,75.9,8.7,44,1,0,0,0,0,0,10,0,0
2024_02_LV_BAL,202409150rav,2024,2,REG,BAL,LV,Kyle Hamilton,HamiKy00,0,5,5,1,12,2.4,2.4,0,79.2,-2.2,-11,23,6,0,0,0,0,6,1,0.143
2024_02_LV_BAL,202409150rav,2024,2,REG,BAL,LV,Brandon Stephens,StepBr01,0,6,4,0.667,87,21.8,14.5,0,109.7,18.2,72,15,0,0,0,0,0,3,0,0
2024_02_LV_BAL,202409150rav,2024,2,REG,BAL,LV,Trenton Simpson,SimpTr00,0,4,4,1,19,4.8,4.8,0,86.5,1.8,7,12,4,0,0,0,0,5,0,0
2024_02_LV_BAL,202409150rav,2024,2,REG,BAL,LV,Roquan Smith,SmitRo07,0,4,3,0.75,42,14,10.5,0,108.3,7,28,14,2,0,0,0,0,11,1,0.083
2024_02_LV_BAL,202409150rav,2024,2,REG,BAL,LV,Ar'Darius Washington,WashAr00,0,2,2,1,5,2.5,2.5,0,79.2,1,2,3,0,0,0,0,0,1,0,0
2024_02_LV_BAL,202409150rav,2024,2,REG,BAL,LV,Kyle Van Noy,VanNKy00,0,1,1,1,6,6,6,0,91.7,-4,-4,10,1,0,1,2,3,3,1,0.25
2024_02_LV_BAL,202409150rav,2024,2,REG,BAL,LV,Travis Jones,JoneTr00,0,1,1,1,0,0,0,0,79.2,-8,-8,8,0,1,0,0,1,3,0,0
2024_02_LV_BAL,202409150rav,2024,2,REG,BAL,LV,Tavius Robinson,RobiTa00,0,1,1,1,7,7,7,0,95.8,-2,-2,9,0,0,1,0,1,0,0,
2024_02_LV_BAL,202409150rav,2024,2,REG,BAL,LV,Marcus Williams,WillMa06,0,1,1,1,27,27,27,0,118.7,23,23,4,1,0,0,0,0,3,0,0
2024_02_LV_BAL,202409150rav,2024,2,REG,BAL,LV,Eddie Jackson,JackEd01,0,1,1,1,15,15,15,0,118.7,5,5,10,0,0,0,0,0,2,0,0
2024_02_LV_BAL,202409150rav,2024,2,REG,BAL,LV,Malik Harrison,HarrMa06,0,1,1,1,11,11,11,0,112.5,-3,-3,14,0,0,0,0,0,2,1,0.333
2024_02_LV_BAL,202409150rav,2024,2,REG,BAL,LV,Odafe Oweh,OwehJa00,0,0,0,,,,,,,,,,1,1,0,2.5,4,5,0,0
2024_02_LV_BAL,202409150rav,2024,2,REG,BAL,LV,Michael Pierce,PierMi00,0,0,0,,,,,,,,,,0,0,0,0.5,1,1,0,0
2024_02_LV_BAL,202409150rav,2024,2,REG,BAL,LV,Brent Urban,UrbaBr00,0,0,0,,,,,,,,,,0,1,0,0,1,3,0,0
2024_02_LV_BAL,202409150rav,2024,2,REG,BAL,LV,David Ojabo,OjabDa00,0,0,0,,,,,,,,,,6,0,1,0,1,0,0,
2024_02_LV_BAL,202409150rav,2024,2,REG,BAL,LV,Nnamdi Madubuike,MaduJu00,0,0,0,,,,,,,,,,0,0,1,0,1,3,0,0
2024_02_LV_BAL,202409150rav,2024,2,REG,LV,BAL,Marcus Epps,EppsMa00,0,5,4,0.8,55,13.8,11,0,112.5,3.4,22,33,0,0,0,0,0,4,4,0.5
2024_02_LV_BAL,202409150rav,2024,2,REG,LV,BAL,Jakorian Bennett,BennJa00,0,6,4,0.667,61,15.3,10.2,0,100,14.8,51,10,0,0,0,0,0,2,2,0.5
2024_02_LV_BAL,202409150rav,2024,2,REG,LV,BAL,Tre'von Moehrig,MoehTr00,0,4,4,1,40,10,10,1,147.9,5.8,23,17,2,0,0,0,0,6,0,0
2024_02_LV_BAL,202409150rav,2024,2,REG,LV,BAL,Divine Deablo,DeabDi00,0,4,2,0.5,28,14,7,0,72.9,4,15,13,1,0,0,0,0,6,1,0.143
2024_02_LV_BAL,202409150rav,2024,2,REG,LV,BAL,Isaiah Pola-Mao,PolaIs00,0,2,2,1,15,7.5,7.5,0,97.9,5.5,11,4,0,0,0,0,0,2,0,0
2024_02_LV_BAL,202409150rav,2024,2,REG,LV,BAL,Adam Butler,ButlAd00,0,1,1,1,11,11,11,0,112.5,-3,-3,14,0,0,0,0,0,2,0,0
2024_02_LV_BAL,202409150rav,2024,2,REG,LV,BAL,Nate Hobbs,HobbNa00,0,2,1,0.5,4,4,2,0,56.2,9,4,0,0,0,0,0,0,1,0,0
2024_02_LV_BAL,202409150rav,2024,2,REG,LV,BAL,Jack Jones,JoneJa10,0,4,1,0.25,8,8,2,0,39.6,9,7,1,0,0,0,0,0,3,0,0
2024_02_LV_BAL,202409150rav,2024,2,REG,LV,BAL,Robert Spillane,SpilRo00,1,1,1,1,13,13,13,0,79.2,10,10,3,4,0,0,0,0,10,2,0.167
2024_02_LV_BAL,202409150rav,2024,2,REG,LV,BAL,Maxx Crosby,CrosMa00,0,0,0,,,,,,,,,,1,1,0,2,3,6,1,0.143
2024_02_LV_BAL,202409150rav,2024,2,REG,LV,BAL,Christian Wilkins,WilkCh00,0,0,0,,,,,,,,,,0,1,0,0,1,4,0,0
2024_02_LV_BAL,202409150rav,2024,2,REG,LV,BAL,Charles Snowden,SnowCh00,0,0,0,,,,,,,,,,1,0,0,0,0,1,0,0
2024_02_LV_BAL,202409150rav,2024,2,REG,LV,BAL,Janarius Robinson,RobiJa04,0,0,0,,,,,,,,,,0,0,0,0,0,0,1,1
2024_02_LV_BAL,202409150rav,2024,2,REG,LV,BAL,Luke Masterson,MastLu00,0,1,0,0,,,0,,39.6,29,,,0,0,0,0,0,3,0,0
2024_02_LV_BAL,202409150rav,2024,2,REG,LV,BAL,John Jenkins,JenkJo00,0,0,0,,,,,,,,,,0,0,0,0,0,2,1,0.333
2024_02_LAC_CAR,202409150car,2024,2,REG,CAR,LAC,Shaq Thompson,ThomSh01,0,3,3,1,16,5.3,5.3,0,88.9,2.3,7,9,2,0,0,0,0,14,2,0.125
2024_02_LAC_CAR,202409150car,2024,2,REG,CAR,LAC,Jadeveon Clowney,ClowJa00,0,2,2,1,30,15,15,0,118.7,4.5,9,21,0,0,0,0,0,6,0,0
2024_02_LAC_CAR,202409150car,2024,2,REG,CAR,LAC,Eku Leota,LeotEk00,0,2,2,1,8,4,4,0,83.3,0,0,8,0,0,0,0,0,0,0,
2024_02_LAC_CAR,202409150car,2024,2,REG,CAR,LAC,Josey Jewell,JeweJo00,0,3,2,0.667,12,6,4,1,113.9,4,9,3,2,0,0,0,0,11,1,0.083
2024_02_LAC_CAR,202409150car,2024,2,REG,CAR,LAC,Michael Jackson,JackMi01,0,4,2,0.5,16,8,4,0,60.4,11.5,-1,17,0,0,0,0,0,3,0,0
2024_02_LAC_CAR,202409150car,2024,2,REG,CAR,LAC,Jaycee Horn,HornJa00,1,4,2,0.5,37,18.5,9.3,1,82.3,14,36,1,1,0,0,0,0,6,1,0.143
2024_02_LAC_CAR,202409150car,2024,2,REG,CAR,LAC,Troy Hill,HillTr01,0,1,1,1,11,11,11,0,112.5,6,6,5,2,0,0,0,0,4,0,0
2024_02_LAC_CAR,202409150car,2024,2,REG,CAR,LAC,Jayden Peevy,PeevJa00,0,0,0,,,,,,,,,,0,0,1,0.5,2,1,0,0
2024_02_LAC_CAR,202409150car,2024,2,REG,CAR,LAC,DJ Johnson,JohnDJ00,0,0,0,,,,,,,,,,1,0,0,0.5,1,4,0,0
2024_02_LAC_CAR,202409150car,2024,2,REG,CAR,LAC,Charles Harris,HarrCh03,0,0,0,,,,,,,,,,2,0,0,0,0,0,1,1
2024_02_LAC_CAR,202409150car,2024,2,REG,CAR,LAC,Xavier Woods,WoodXa00,0,0,0,,,,,,,,,,0,0,0,0,0,6,1,0.143
2024_02_LAC_CAR,202409150car,2024,2,REG,LAC,CAR,Derwin James,JameDe00,0,5,5,1,24,4.8,4.8,0,86.7,-2.2,-11,35,1,0,0,0,0,6,1,0.143
2024_02_LAC_CAR,202409150car,2024,2,REG,LAC,CAR,Daiyan Henley,HenlDa00,0,4,3,0.75,16,5.3,4,0,81.2,3.3,1,15,2,0,0,0,0,10,0,0
2024_02_LAC_CAR,202409150car,2024,2,REG,LAC,CAR,Elijah Molden,MoldEl00,1,4,3,0.75,19,6.3,4.8,0,44.8,4.3,17,2,0,0,0,0,0,7,0,0
2024_02_LAC_CAR,202409150car,2024,2,REG,LAC,CAR,Ja'Sir Taylor,TaylJa04,0,2,2,1,12,6,6,0,91.7,4.5,9,3,1,0,0,0,0,5,0,0
2024_02_LAC_CAR,202409150car,2024,2,REG,LAC,CAR,Denzel Perryman,PerrDe00,0,1,1,1,1,1,1,0,79.2,1,1,0,2,0,0,1,1,7,0,0
2024_02_LAC_CAR,202409150car,2024,2,REG,LAC,CAR,Kristian Fulton,FultKr00,0,3,1,0.333,-2,-2,-0.7,0,42.4,5.3,-2,0,0,0,0,0,0,1,0,0
2024_02_LAC_CAR,202409150car,2024,2,REG,LAC,CAR,Cam Hart,HartCa00,0,1,1,1,1,1,1,0,79.2,0,0,1,0,0,0,0,0,1,0,0
2024_02_LAC_CAR,202409150car,2024,2,REG,LAC,CAR,Asante Samuel Jr.,SamuAs00,0,2,1,0.5,7,7,3.5,0,58.3,-1.5,5,2,0,0,0,0,0,1,1,0.5
2024_02_LAC_CAR,202409150car,2024,2,REG,LAC,CAR,Deane Leonard,LeonDe00,0,2,1,0.5,6,6,3,0,56.2,4.5,2,4,0,0,0,0,0,3,0,0
2024_02_LAC_CAR,202409150car,2024,2,REG,LAC,CAR,Joey Bosa,BosaJo00,0,0,0,,,,,,,,,,0,0,0,1,1,2,0,0
2024_02_LAC_CAR,202409150car,2024,2,REG,LAC,CAR,Junior Colson,ColsJu00,0,1,0,0,,,0,,39.6,12,,,1,0,0,0,0,1,0,0
2024_02_LAC_CAR,202409150car,2024,2,REG,LAC,CAR,Bud Dupree,DuprAl00,0,0,0,,,,,,,,,,1,0,0,0,0,2,0,0
2024_02_LAC_CAR,202409150car,2024,2,REG,LAC,CAR,Troy Dye,DyexTr00,0,1,0,0,,,0,,39.6,-2,,,0,0,0,0,0,0,0,
2024_02_NO_DAL,202409150dal,2024,2,REG,DAL,NO,Malik Hooker,HookMa00,0,2,2,1,8,4,4,0,83.3,-1.5,-3,11,0,0,0,0,0,2,1,0.333
2024_02_NO_DAL,202409150dal,2024,2,REG,DAL,NO,Caelen Carson,CarsCa01,0,2,2,1,36,18,18,0,118.7,15,30,6,0,0,0,0,0,4,0,0
2024_02_NO_DAL,202409150dal,2024,2,REG,DAL,NO,DeMarvion Overshown,OverDe00,0,2,2,1,11,5.5,5.5,0,89.6,0,0,11,0,0,0,0,0,4,0,0
2024_02_NO_DAL,202409150dal,2024,2,REG,DAL,NO,Eric Kendricks,KendEr00,0,2,1,0.5,57,57,28.5,1,135.4,-2,-3,60,0,0,0,0,0,8,1,0.111
2024_02_NO_DAL,202409150dal,2024,2,REG,DAL,NO,Donovan Wilson,WilsDo01,1,1,1,1,70,70,70,1,118.7,49,49,21,0,0,0,0,0,6,0,0
2024_02_NO_DAL,202409150dal,2024,2,REG,DAL,NO,Damone Clark,ClarDa02,0,1,1,1,9,9,9,0,104.2,4,4,5,0,0,0,0,0,7,0,0
2024_02_NO_DAL,202409150dal,2024,2,REG,DAL,NO,Trevon Diggs,DiggTr00,0,1,1,1,39,39,39,0,118.7,20,20,19,0,0,0,0,0,5,0,0
2024_02_NO_DAL,202409150dal,2024,2,REG,DAL,NO,Jourdan Lewis,LewiJo01,0,3,1,0.333,13,13,4.3,0,47.9,13,13,0,0,0,0,0,0,2,0,0
2024_02_NO_DAL,202409150dal,2024,2,REG,DAL,NO,Micah Parsons,ParsMi00,0,0,0,,,,,,,,,,6,4,0,0,4,3,0,0
2024_02_NO_DAL,202409150dal,2024,2,REG,DAL,NO,DeMarcus Lawrence,LawrDe00,0,0,0,,,,,,,,,,0,2,0,0,2,2,0,0
2024_02_NO_DAL,202409150dal,2024,2,REG,DAL,NO,Osa Odighizuwa,OdigOs00,0,1,0,0,,,0,,39.6,3,,,0,0,1,0,1,2,0,0
2024_02_NO_DAL,202409150dal,2024,2,REG,DAL,NO,Chauncey Golston,GolsCh00,0,0,0,,,,,,,,,,2,0,0,1,1,4,0,0
2024_02_NO_DAL,202409150dal,2024,2,REG,DAL,NO,Marshawn Kneeland,KneeMa00,0,0,0,,,,,,,,,,1,1,0,0,1,0,1,1
2024_02_NO_DAL,202409150dal,2024,2,REG,DAL,NO,Marist Liufau,LiufMa00,0,0,0,,,,,,,,,,1,0,0,0,0,3,0,0
2024_02_NO_DAL,202409150dal,2024,2,REG,DAL,NO,Juanyeh Thomas,ThomJu03,0,0,0,,,,,,,,,,0,0,0,0,0,0,1,1
2024_02_NO_DAL,202409150dal,2024,2,REG,NO,DAL,Alontae Taylor,TaylAl01,0,6,6,1,56,9.3,9.3,0,105.6,5.3,32,24,1,0,0,0,0,9,1,0.1
2024_02_NO_DAL,202409150dal,2024,2,REG,NO,DAL,Kool-Aid McKinstry,McKiKo00,0,7,6,0.857,30,5,4.3,0,84.5,4,12,18,0,0,0,0,0,5,1,0.167
2024_02_NO_DAL,202409150dal,2024,2,REG,NO,DAL,Demario Davis,DaviDe00,0,7,4,0.571,26,6.5,3.7,0,65.2,3.1,-5,31,1,0,0,0,0,8,0,0
2024_02_NO_DAL,202409150dal,2024,2,REG,NO,DAL,Paulson Adebo,AdebPa00,1,8,3,0.375,116,38.7,14.5,1,85.4,23.8,66,50,0,0,0,0,0,4,1,0.2
2024_02_NO_DAL,202409150dal,2024,2,REG,NO,DAL,Pete Werner,WernPe00,0,3,3,1,18,6,6,0,91.7,0.7,2,16,0,0,0,0,0,8,0,0
2024_02_NO_DAL,202409150dal,2024,2,REG,NO,DAL,Ugo Amadi,AmadUg00,0,4,2,0.5,27,13.5,6.8,0,71.9,9,19,8,0,0,0,0,0,3,0,0
2024_02_NO_DAL,202409150dal,2024,2,REG,NO,DAL,Tyrann Mathieu,MathTy00,1,2,1,0.5,4,4,2,0,16.7,10,3,1,2,1,0,0,1,3,1,0.25
2024_02_NO_DAL,202409150dal,2024,2,REG,NO,DAL,Willie Gay Jr.,GayJWi00,0,1,1,1,8,8,8,0,100,4,4,4,3,0,0,0,0,2,0,0
2024_02_NO_DAL,202409150dal,2024,2,REG,NO,DAL,Will Harris,HarrWi02,0,2,1,0.5,6,6,3,0,56.2,2,-2,8,0,0,0,0,0,4,1,0.2
2024_02_NO_DAL,202409150dal,2024,2,REG,NO,DAL,Jordan Howden,HowdJo00,0,1,1,1,8,8,8,0,100,6,6,2,0,0,0,0,0,2,0,0
2024_02_NO_DAL,202409150dal,2024,2,REG,NO,DAL,Carl Granderson,GranCa01,0,0,0,,,,,,,,,,0,4,0,1.5,6,5,0,0
2024_02_NO_DAL,202409150dal,2024,2,REG,NO,DAL,Chase Young,YounCh04,0,0,0,,,,,,,,,,0,1,0,0.5,2,4,0,0
2024_02_NO_DAL,202409150dal,2024,2,REG,NO,DAL,Bryan Bresee,BresBr00,0,0,0,,,,,,,,,,0,1,0,1,2,2,1,0.333
2024_02_NO_DAL,202409150dal,2024,2,REG,NO,DAL,John Ridgeway,RidgJo00,0,0,0,,,,,,,,,,0,1,0,0,1,0,0,
2024_02_TB_DET,202409150det,2024,2,REG,DET,TB,Carlton Davis,DaviCa02,0,6,4,0.667,57,14.3,9.5,0,97.2,9.5,41,16,0,0,0,0,0,4,0,0
2024_02_TB_DET,202409150det,2024,2,REG,DET,TB,Jack Campbell,CampJa04,0,3,3,1,67,22.3,22.3,1,158.3,10.3,31,36,2,0,0,0,0,6,0,0
2024_02_TB_DET,202409150det,2024,2,REG,DET,TB,Terrion Arnold,ArnoTe00,0,2,2,1,31,15.5,15.5,0,118.7,10.5,21,10,0,0,0,0,0,1,0,0
2024_02_TB_DET,202409150det,2024,2,REG,DET,TB,Brian Branch,BranBr00,1,4,1,0.25,10,10,2.5,0,0,7,4,6,1,0,0,0,0,6,1,0.143
2024_02_TB_DET,202409150det,2024,2,REG,DET,TB,Derrick Barnes,BarnDe02,0,1,1,1,1,1,1,0,79.2,-2,-2,3,17,0,0,0,0,5,1,0.167
2024_02_TB_DET,202409150det,2024,2,REG,DET,TB,Amik Robertson,RobeAm00,0,3,1,0.333,19,19,6.3,0,56.2,10.7,0,19,2,0,0,0,0,0,0,
2024_02_TB_DET,202409150det,2024,2,REG,DET,TB,Aidan Hutchinson,HutcAi00,0,1,0,0,,,0,,39.6,-3,,,0,2,0,4.5,7,5,0,0
2024_02_TB_DET,202409150det,2024,2,REG,DET,TB,Levi Onwuzurike,OnwuLe00,0,0,0,,,,,,,,,,0,1,0,0.5,2,4,1,0.2
2024_02_TB_DET,202409150det,2024,2,REG,DET,TB,Alim McNeill,McNeAl00,0,0,0,,,,,,,,,,0,1,0,0,1,1,1,0.5
2024_02_TB_DET,202409150det,2024,2,REG,DET,TB,Mekhi Wingo,WingMe00,0,0,0,,,,,,,,,,0,1,0,0,1,0,0,
2024_02_TB_DET,202409150det,2024,2,REG,DET,TB,Malcolm Rodriguez,RodrMa00,0,0,0,,,,,,,,,,3,0,0,0,0,2,0,0
2024_02_TB_DET,202409150det,2024,2,REG,DET,TB,Kerby Joseph,JoseKe03,0,1,0,0,,,0,,39.6,9,,,0,0,0,0,0,4,0,0
2024_02_TB_DET,202409150det,2024,2,REG,DET,TB,Alex Anzalone,AnzaAl00,0,0,0,,,,,,,,,,4,0,0,0,0,4,1,0.2
2024_02_TB_DET,202409150det,2024,2,REG,TB,DET,Jamel Dean,DeanJa00,0,10,7,0.7,87,12.4,8.7,0,96.7,9.7,63,24,2,0,0,0,0,10,0,0
2024_02_TB_DET,202409150det,2024,2,REG,TB,DET,Tykee Smith,SmitTy05,0,11,6,0.545,68,11.3,6.2,0,73.3,8.4,44,24,3,0,0,0,0,8,1,0.111
2024_02_TB_DET,202409150det,2024,2,REG,TB,DET,Lavonte David,DaviLa00,0,6,6,1,50,8.3,8.3,0,101.4,5.5,33,17,4,0,0,0,0,6,2,0.25
2024_02_TB_DET,202409150det,2024,2,REG,TB,DET,Jordan Whitehead,WhitJo03,0,9,5,0.556,52,10.4,5.8,0,72.5,9.7,34,18,2,0,0,0,0,11,1,0.083
2024_02_TB_DET,202409150det,2024,2,REG,TB,DET,SirVocea Dennis,DennSi00,0,6,5,0.833,43,8.6,7.2,0,96.5,2.7,22,21,2,0,0,0,0,11,1,0.083
2024_02_TB_DET,202409150det,2024,2,REG,TB,DET,Joe Tryon-Shoyinka,TryoJo00,0,3,3,1,-2,-0.7,-0.7,0,79.2,-4.7,-14,12,28,1,0,0,1,3,1,0.25
2024_02_TB_DET,202409150det,2024,2,REG,TB,DET,Christian Izien,IzieCh00,1,5,3,0.6,34,11.3,6.8,0,40.8,6,8,26,1,1,0,0,1,9,3,0.25
2024_02_TB_DET,202409150det,2024,2,REG,TB,DET,Zyon McCollum,McCoZy02,1,8,3,0.375,29,9.7,3.6,0,8.9,10.9,19,10,0,0,0,0,0,6,1,0.143
2024_02_TB_DET,202409150det,2024,2,REG,TB,DET,Anthony Nelson,NelsAn01,0,1,1,1,6,6,6,0,91.7,-1,-1,7,15,0,4,0,4,2,0,0
2024_02_TB_DET,202409150det,2024,2,REG,TB,DET,Greg Gaines,GainGr00,0,1,1,1,1,1,1,0,79.2,-5,-5,6,0,0,2,0,2,1,1,0.5
2024_02_TB_DET,202409150det,2024,2,REG,TB,DET,K.J. Britt,BritKJ00,0,1,1,1,6,6,6,0,91.7,6,6,0,4,0,0,0,0,4,0,0
2024_02_TB_DET,202409150det,2024,2,REG,TB,DET,YaYa Diaby,DiabYa00,0,0,0,,,,,,,,,,35,0,3,0,3,2,0,0
2024_02_TB_DET,202409150det,2024,2,REG,TB,DET,Mike Greene,GreeMi01,0,0,0,,,,,,,,,,0,1,0,0,1,1,0,0
2024_02_TB_DET,202409150det,2024,2,REG,TB,DET,C.J. Brewer,BrewCJ00,0,0,0,,,,,,,,,,0,0,1,0,1,3,0,0
2024_02_TB_DET,202409150det,2024,2,REG,TB,DET,Vita Vea,VeaxVi00,0,0,0,,,,,,,,,,0,1,0,0,1,0,0,
2024_02_TB_DET,202409150det,2024,2,REG,TB,DET,Logan Hall,HallLo00,0,0,0,,,,,,,,,,0,0,0,0,0,1,1,0.5
2024_02_TB_DET,202409150det,2024,2,REG,TB,DET,Markees Watts,WattMa00,0,0,0,,,,,,,,,,1,0,0,0,0,0,0,
2024_02_TB_DET,202409150det,2024,2,REG,TB,DET,Chris Braswell,BrasCh01,0,0,0,,,,,,,,,,8,0,0,0,0,1,0,0
2024_02_TB_DET,202409150det,2024,2,REG,TB,DET,Tavierre Thomas,ThomTa01,0,0,0,,,,,,,,,,0,0,0,0,0,2,1,0.333
2024_02_IND_GB,202409150gnb,2024,2,REG,GB,IND,Isaiah McDuffie,McDuIs00,0,6,3,0.5,22,7.3,3.7,0,59,4.8,12,10,3,0,1,0,1,4,0,0
2024_02_IND_GB,202409150gnb,2024,2,REG,GB,IND,Keisean Nixon,NixoKe00,0,5,3,0.6,17,5.7,3.4,0,66.2,7.8,12,5,0,0,0,0,0,3,0,0
2024_02_IND_GB,202409150gnb,2024,2,REG,GB,IND,Evan Williams,WillEv00,1,4,2,0.5,45,22.5,11.3,0,51,33,44,1,0,0,0,0,0,2,0,0
2024_02_IND_GB,202409150gnb,2024,2,REG,GB,IND,Quay Walker,WalkQu00,0,3,2,0.667,20,10,6.7,0,85.4,6.7,11,9,3,0,0,0,0,6,1,0.143
2024_02_IND_GB,202409150gnb,2024,2,REG,GB,IND,Carrington Valentine,ValeCa00,0,3,2,0.667,25,12.5,8.3,0,92.4,17.7,15,10,0,0,0,0,0,2,0,0
2024_02_IND_GB,202409150gnb,2024,2,REG,GB,IND,Jaire Alexander,AlexJa00,0,4,2,0.5,22,11,5.5,1,106.2,13,21,1,0,0,0,0,0,2,0,0
2024_02_IND_GB,202409150gnb,2024,2,REG,GB,IND,Eric Wilson,WilsEr00,1,2,1,0.5,18,18,9,0,41.7,6,-3,21,0,0,0,0,0,1,0,0
2024_02_IND_GB,202409150gnb,2024,2,REG,GB,IND,Eric Stokes,StokEr00,0,1,1,1,13,13,13,0,118.7,5,5,8,0,0,0,0,0,1,0,0
2024_02_IND_GB,202409150gnb,2024,2,REG,GB,IND,Javon Bullard,BullJa00,0,2,1,0.5,22,22,11,0,89.6,11.5,13,9,0,0,0,0,0,5,0,0
2024_02_IND_GB,202409150gnb,2024,2,REG,GB,IND,Devonte Wyatt,WyatDe00,0,0,0,,,,,,,,,,0,1,1,1,3,2,1,0.333
2024_02_IND_GB,202409150gnb,2024,2,REG,GB,IND,Preston Smith,SmitPr00,0,0,0,,,,,,,,,,0,2,0,0,2,1,0,0
2024_02_IND_GB,202409150gnb,2024,2,REG,GB,IND,Kenny Clark,ClarKe01,0,0,0,,,,,,,,,,0,1,0,0,1,3,0,0
2024_02_IND_GB,202409150gnb,2024,2,REG,GB,IND,Xavier McKinney,McKiXa00,1,1,0,0,,,0,,0,27,,,0,0,0,0,0,4,0,0
2024_02_IND_GB,202409150gnb,2024,2,REG,GB,IND,Kingsley Enagbare,EnagKi00,0,0,0,,,,,,,,,,0,0,0,0,0,1,1,0.5
2024_02_IND_GB,202409150gnb,2024,2,REG,GB,IND,Corey Ballentine,BallCo00,0,1,0,0,,,0,,39.6,19,,,0,0,0,0,0,0,0,
2024_02_IND_GB,202409150gnb,2024,2,REG,IND,GB,Kenny Moore,MoorKe03,0,4,3,0.75,30,10,7.5,1,135.4,6.8,10,20,0,0,0,0,0,4,3,0.429
2024_02_IND_GB,202409150gnb,2024,2,REG,IND,GB,Zaire Franklin,FranZa00,0,2,2,1,8,4,4,0,83.3,0,0,8,1,1,0,0,1,10,1,0.091
2024_02_IND_GB,202409150gnb,2024,2,REG,IND,GB,Nick Cross,CrosNi00,0,2,2,1,17,8.5,8.5,0,102.1,1.5,3,14,1,0,0,0,0,15,0,0
2024_02_IND_GB,202409150gnb,2024,2,REG,IND,GB,Jaylon Carlies,CarlJa01,0,1,1,1,6,6,6,0,91.7,-1,-1,7,0,0,0,0,0,5,0,0
2024_02_IND_GB,202409150gnb,2024,2,REG,IND,GB,Rodney Thomas II,ThomRo07,0,1,1,1,15,15,15,0,118.7,13,13,2,0,0,0,0,0,6,1,0.143
2024_02_IND_GB,202409150gnb,2024,2,REG,IND,GB,Dallis Flowers,FlowDa00,0,1,1,1,8,8,8,0,100,6,6,2,0,0,0,0,0,1,0,0
2024_02_IND_GB,202409150gnb,2024,2,REG,IND,GB,Jaylon Jones,JoneJa13,0,2,1,0.5,39,39,19.5,0,95.8,17.5,35,4,0,0,0,0,0,6,0,0
2024_02_IND_GB,202409150gnb,2024,2,REG,IND,GB,Dayo Odeyingbo,OdeyDa00,0,1,1,1,-1,-1,-1,0,79.2,-2,-2,1,0,0,0,0,0,4,0,0
2024_02_IND_GB,202409150gnb,2024,2,REG,IND,GB,E.J. Speed,SpeeEJ00,0,0,0,,,,,,,,,,5,0,0,0,0,11,1,0.083
2024_02_IND_GB,202409150gnb,2024,2,REG,IND,GB,Tyquan Lewis,LewiTy00,0,0,0,,,,,,,,,,0,0,0,0,0,5,1,0.167
2024_02_CLE_JAX,202409150jax,2024,2,REG,JAX,CLE,Montaric Brown,BrowMo00,0,11,7,0.636,44,6.3,4,0,71.8,6.9,36,8,0,0,0,0,0,11,0,0
2024_02_CLE_JAX,202409150jax,2024,2,REG,JAX,CLE,Jarrian Jones,JoneJa14,0,4,3,0.75,26,8.7,6.5,0,91.7,4.5,8,18,1,1,0,0,1,3,0,0
2024_02_CLE_JAX,202409150jax,2024,2,REG,JAX,CLE,Tre Flowers,FlowTr01,0,3,3,1,25,8.3,8.3,0,101.4,4.7,14,11,1,0,0,0,0,2,1,0.333
2024_02_CLE_JAX,202409150jax,2024,2,REG,JAX,CLE,Antonio Johnson,JohnAn07,0,3,2,0.667,51,25.5,17,0,109.7,22.7,49,2,1,0,0,0,0,4,0,0
2024_02_CLE_JAX,202409150jax,2024,2,REG,JAX,CLE,Andre Cisco,CiscAn00,0,2,2,1,17,8.5,8.5,0,102.1,6.5,13,4,1,0,0,0,0,5,1,0.167
2024_02_CLE_JAX,202409150jax,2024,2,REG,JAX,CLE,Josh Hines-Allen,AlleJo03,0,1,1,1,2,2,2,0,79.2,-1,-1,3,1,1,3,1,5,4,0,0
2024_02_CLE_JAX,202409150jax,2024,2,REG,JAX,CLE,Foyesade Oluokun,OluoFo00,0,1,1,1,12,12,12,0,116.7,12,12,0,2,1,0,1,2,8,0,0
2024_02_CLE_JAX,202409150jax,2024,2,REG,JAX,CLE,Devin Lloyd,LloyDe00,0,4,1,0.25,10,10,2.5,0,39.6,1,-9,19,3,0,1,0,1,8,0,0
2024_02_CLE_JAX,202409150jax,2024,2,REG,JAX,CLE,DaVon Hamilton,HamiDa02,0,1,1,1,0,0,0,0,79.2,-5,-5,5,1,0,1,0,1,2,0,0
2024_02_CLE_JAX,202409150jax,2024,2,REG,JAX,CLE,Ronald Darby,DarbRo00,0,3,1,0.333,-1,-1,-0.3,0,42.4,4.7,-2,1,0,0,0,0,0,1,0,0
2024_02_CLE_JAX,202409150jax,2024,2,REG,JAX,CLE,Travon Walker,WalkTr03,0,0,0,,,,,,,,,,1,1,1,0,2,2,0,0
2024_02_CLE_JAX,202409150jax,2024,2,REG,JAX,CLE,Deantre Prince,PrinDe01,0,2,0,0,10,,5,0,47.9,7,7,3,0,0,0,0,0,1,0,0
2024_02_CLE_JAX,202409150jax,2024,2,REG,JAX,CLE,Roy Robertson-Harris,RobeRo00,0,1,0,0,,,0,,39.6,-7,,,0,0,0,0,0,3,0,0
2024_02_CLE_JAX,202409150jax,2024,2,REG,JAX,CLE,Tank Bigsby,BigsTa00,0,0,0,,,,,,,,,,1,0,0,0,0,0,0,
2024_02_CLE_JAX,202409150jax,2024,2,REG,CLE,JAX,Grant Delpit,DelpGr00,0,3,3,1,15,5,5,0,87.5,2.7,8,7,4,0,0,0,0,6,0,0
2024_02_CLE_JAX,202409150jax,2024,2,REG,CLE,JAX,Greg Newsome II,NewsGr00,0,2,2,1,76,38,38,0,118.7,26.5,53,23,0,0,0,0,0,3,0,0
2024_02_CLE_JAX,202409150jax,2024,2,REG,CLE,JAX,Martin Emerson,EmerMa00,0,8,2,0.25,12,6,1.5,0,39.6,6.5,-9,21,0,0,0,0,0,3,0,0
2024_02_CLE_JAX,202409150jax,2024,2,REG,CLE,JAX,Jeremiah Owusu-Koramoah,OwusJe00,0,3,2,0.667,50,25,16.7,0,109.7,17.7,46,4,3,0,0,0,0,7,0,0
2024_02_CLE_JAX,202409150jax,2024,2,REG,CLE,JAX,Ronnie Hickman,HickRo00,0,4,2,0.5,41,20.5,10.3,0,86.5,32,34,7,0,0,0,0,0,3,0,0
2024_02_CLE_JAX,202409150jax,2024,2,REG,CLE,JAX,Jordan Hicks,HickJo00,0,3,1,0.333,9,9,3,0,42.4,7.7,4,5,3,0,1,1,2,3,0,0
2024_02_CLE_JAX,202409150jax,2024,2,REG,CLE,JAX,Alex Wright,WrigAl01,0,2,1,0.5,8,8,4,0,60.4,-6,-12,20,0,0,0,1,1,3,0,0
2024_02_CLE_JAX,202409150jax,2024,2,REG,CLE,JAX,Rodney McLeod,McLeRo00,0,2,1,0.5,26,26,13,0,95.8,18,20,6,1,0,0,0,0,3,0,0
2024_02_CLE_JAX,202409150jax,2024,2,REG,CLE,JAX,Cameron Mitchell,MitcCa01,0,2,1,0.5,-2,-2,-1,0,56.2,-1,-6,4,0,0,0,0,0,3,0,0
2024_02_CLE_JAX,202409150jax,2024,2,REG,CLE,JAX,Myles Garrett,GarrMy00,0,0,0,,,,,,,,,,0,0,1,1,2,3,0,0
2024_02_CLE_JAX,202409150jax,2024,2,REG,CLE,JAX,Ogbonnia Okoronkwo,OkorOg00,0,0,0,,,,,,,,,,0,0,1,0,1,0,0,
2024_02_CLE_JAX,202409150jax,2024,2,REG,CLE,JAX,Quinton Jefferson,JeffQu00,0,0,0,,,,,,,,,,0,0,0,1,1,1,0,0
2024_02_CLE_JAX,202409150jax,2024,2,REG,CLE,JAX,Shelby Harris,HarrSh00,0,0,0,,,,,,,,,,0,0,1,0,1,0,0,
2024_02_CLE_JAX,202409150jax,2024,2,REG,CLE,JAX,Za'Darius Smith,SmitZa00,0,0,0,,,,,,,,,,0,1,0,0,1,0,0,
2024_02_CLE_JAX,202409150jax,2024,2,REG,CLE,JAX,Denzel Ward,WardDe02,0,3,0,0,,,0,,39.6,15.3,,,0,0,0,0,0,1,0,0
2024_02_CLE_JAX,202409150jax,2024,2,REG,CLE,JAX,Isaiah McGuire,McGuIs00,0,1,0,0,,,0,,39.6,5,,,0,0,0,0,0,0,0,
2024_02_SF_MIN,202409150min,2024,2,REG,MIN,SF,Stephon Gilmore,GilmSt00,0,8,6,0.75,63,10.5,7.9,0,97.4,6.5,57,6,0,0,0,0,0,6,1,0.143
2024_02_SF_MIN,202409150min,2024,2,REG,MIN,SF,Josh Metellus,MeteJo00,1,5,5,1,68,13.6,13.6,0,79.2,11.6,58,10,4,2,0,0,2,7,0,0
2024_02_SF_MIN,202409150min,2024,2,REG,MIN,SF,Byron Murphy,MurpBy00,0,7,5,0.714,46,9.2,6.6,0,89,10.7,26,20,1,0,0,0,0,4,0,0
2024_02_SF_MIN,202409150min,2024,2,REG,MIN,SF,Harrison Smith,SmitHa00,0,5,4,0.8,46,11.5,9.2,0,105,8,38,8,3,0,0,0,0,5,1,0.167
2024_02_SF_MIN,202409150min,2024,2,REG,MIN,SF,Ivan Pace,PaceIv00,0,4,3,0.75,60,20,15,1,156.2,7.3,30,30,4,0,0,0,0,8,1,0.111
2024_02_SF_MIN,202409150min,2024,2,REG,MIN,SF,Blake Cashman,CashBl00,0,3,2,0.667,16,8,5.3,0,79.9,4.3,4,12,6,0,0,1,1,13,0,0
2024_02_SF_MIN,202409150min,2024,2,REG,MIN,SF,Dallas Turner,TurnDa01,0,1,1,1,6,6,6,0,91.7,5,5,1,2,1,0,0,1,2,0,0
2024_02_SF_MIN,202409150min,2024,2,REG,MIN,SF,Andrew Van Ginkel,VanGAn00,0,1,1,1,4,4,4,0,83.3,3,3,1,10,0,0,1,1,4,1,0.2
2024_02_SF_MIN,202409150min,2024,2,REG,MIN,SF,Camryn Bynum,BynuCa00,0,2,1,0.5,10,10,5,0,64.6,7,10,0,1,0,0,0,0,8,1,0.111
2024_02_SF_MIN,202409150min,2024,2,REG,MIN,SF,Jonathan Greenard,GreeJo04,0,0,0,,,,,,,,,,2,2,0,1,3,2,0,0
2024_02_SF_MIN,202409150min,2024,2,REG,MIN,SF,Patrick Jones II,JonePa00,0,0,0,,,,,,,,,,6,0,0,2,2,5,0,0
2024_02_SF_MIN,202409150min,2024,2,REG,MIN,SF,Jerry Tillery,TillJe00,0,0,0,,,,,,,,,,0,2,0,0,2,1,0,0
2024_02_SF_MIN,202409150min,2024,2,REG,MIN,SF,Jihad Ward,WardJi02,0,0,0,,,,,,,,,,0,0,2,0,2,0,0,
2024_02_SF_MIN,202409150min,2024,2,REG,MIN,SF,Harrison Phillips,PhilHa00,0,0,0,,,,,,,,,,0,1,0,0,1,2,0,0
2024_02_SF_MIN,202409150min,2024,2,REG,MIN,SF,Jonah Williams,WillJo16,0,0,0,,,,,,,,,,0,0,1,0,1,0,0,
2024_02_SF_MIN,202409150min,2024,2,REG,MIN,SF,Jonathan Bullard,BullJo00,0,0,0,,,,,,,,,,1,0,0,0,0,2,0,0
2024_02_SF_MIN,202409150min,2024,2,REG,SF,MIN,De'Vondre Campbell,CampDe00,0,7,6,0.857,57,9.5,8.1,0,100.6,-1.7,-10,67,1,0,0,0,0,5,0,0
2024_02_SF_MIN,202409150min,2024,2,REG,SF,MIN,Isaac Yiadom,YiadIs00,0,4,3,0.75,42,14,10.5,0,108.3,9.5,37,5,0,0,0,0,0,3,0,0
2024_02_SF_MIN,202409150min,2024,2,REG,SF,MIN,Ji'Ayir Brown,BrowJi01,0,2,2,1,31,15.5,15.5,0,118.7,5.5,11,20,0,0,0,0,0,5,0,0
2024_02_SF_MIN,202409150min,2024,2,REG,SF,MIN,Deommodore Lenoir,LenoDe00,0,3,2,0.667,8,4,2.7,0,70.1,7.3,-5,13,1,0,0,0,0,5,0,0
2024_02_SF_MIN,202409150min,2024,2,REG,SF,MIN,Nick Bosa,BosaNi00,0,1,1,1,7,7,7,0,95.8,6,6,1,0,1,0,2,3,5,0,0
2024_02_SF_MIN,202409150min,2024,2,REG,SF,MIN,Fred Warner,WarnFr00,1,2,1,0.5,16,16,8,0,37.5,8,9,7,2,0,0,1,1,9,0,0
2024_02_SF_MIN,202409150min,2024,2,REG,SF,MIN,Charvarius Ward,WardCh01,0,2,1,0.5,10,10,5,1,104.2,13.5,10,0,0,0,0,0,0,1,0,0
2024_02_SF_MIN,202409150min,2024,2,REG,SF,MIN,George Odum,OdumGe00,0,2,1,0.5,97,97,48.5,1,135.4,26.5,49,48,0,0,0,0,0,2,0,0
2024_02_SF_MIN,202409150min,2024,2,REG,SF,MIN,Kevin Givens,GiveKe01,0,0,0,,,,,,,,,,0,0,1,1,2,2,0,0
2024_02_SF_MIN,202409150min,2024,2,REG,SF,MIN,Javon Hargrave,HargJa00,0,0,0,,,,,,,,,,0,2,0,0,2,2,0,0
2024_02_SF_MIN,202409150min,2024,2,REG,SF,MIN,Maliek Collins,CollMa00,0,0,0,,,,,,,,,,0,1,0,0,1,4,0,0
2024_02_SF_MIN,202409150min,2024,2,REG,SF,MIN,Leonard Floyd,FloyLe00,0,0,0,,,,,,,,,,0,1,0,0,1,0,0,
2024_02_SF_MIN,202409150min,2024,2,REG,SF,MIN,Yetur Gross-Matos,GrosYe00,0,0,0,,,,,,,,,,0,0,1,0,1,0,0,
2024_02_SF_MIN,202409150min,2024,2,REG,SF,MIN,Malik Mustapha,MustMa00,0,1,0,0,,,0,,39.6,11,,,0,0,0,0,0,3,0,0
2024_02_SEA_NE,202409150nwe,2024,2,REG,NE,SEA,Kyle Dugger,DuggKy00,0,6,6,1,85,14.2,14.2,1,158.3,4.2,25,60,3,0,0,1,1,9,1,0.1
2024_02_SEA_NE,202409150nwe,2024,2,REG,NE,SEA,Marcus Jones,JoneMa06,0,9,6,0.667,62,10.3,6.9,0,86.3,13.4,42,20,3,0,0,0,0,6,2,0.25
2024_02_SEA_NE,202409150nwe,2024,2,REG,NE,SEA,Keion White,WhitKe03,0,4,4,1,39,9.8,9.8,0,107.3,1.8,7,32,0,0,0,1.5,2,7,1,0.125
2024_02_SEA_NE,202409150nwe,2024,2,REG,NE,SEA,Christian Gonzalez,GonzCh00,0,8,4,0.5,28,7,3.5,0,58.3,14.6,26,2,0,0,0,0,0,7,0,0
2024_02_SEA_NE,202409150nwe,2024,2,REG,NE,SEA,Jahlani Tavai,TavaJa00,0,4,4,1,36,9,9,0,104.2,5,20,16,7,0,0,0,0,4,1,0.2
2024_02_SEA_NE,202409150nwe,2024,2,REG,NE,SEA,Jonathan Jones,JoneJo03,0,3,3,1,18,6,6,0,91.7,3.3,10,8,0,0,0,0,0,8,1,0.111
2024_02_SEA_NE,202409150nwe,2024,2,REG,NE,SEA,Marco Wilson,WilsMa04,0,2,2,1,35,17.5,17.5,0,118.7,10.5,21,14,0,0,0,0,0,1,0,0
2024_02_SEA_NE,202409150nwe,2024,2,REG,NE,SEA,Raekwon McMillan,McMiRa02,0,1,1,1,9,9,9,0,104.2,8,8,1,4,1,1,0,2,7,0,0
2024_02_SEA_NE,202409150nwe,2024,2,REG,NE,SEA,Josh Uche,UcheJo00,0,1,1,1,9,9,9,0,104.2,5,5,4,3,1,0,0,1,1,0,0
2024_02_SEA_NE,202409150nwe,2024,2,REG,NE,SEA,Oshane Ximines,XimiOs00,0,1,1,1,3,3,3,0,79.2,0,0,3,0,0,0,0,0,0,1,1
2024_02_SEA_NE,202409150nwe,2024,2,REG,NE,SEA,Jabrill Peppers,PeppJa00,0,2,1,0.5,3,3,1.5,0,56.2,4,2,1,3,0,0,0,0,6,0,0
2024_02_SEA_NE,202409150nwe,2024,2,REG,NE,SEA,Deatrich Wise Jr.,WiseDe00,0,0,0,,,,,,,,,,0,2,1,0,3,1,0,0
2024_02_SEA_NE,202409150nwe,2024,2,REG,NE,SEA,Jeremiah Pharms,PharJe00,0,0,0,,,,,,,,,,0,1,1,0,2,2,0,0
2024_02_SEA_NE,202409150nwe,2024,2,REG,NE,SEA,Daniel Ekuale,EkuaDa00,0,0,0,,,,,,,,,,0,0,0,0.5,1,4,0,0
2024_02_SEA_NE,202409150nwe,2024,2,REG,NE,SEA,Anfernee Jennings,JennAn00,0,0,0,,,,,,,,,,3,0,0,0,0,7,2,0.222
2024_02_SEA_NE,202409150nwe,2024,2,REG,NE,SEA,Jaylinn Hawkins,HawkJa00,0,2,0,0,,,0,,39.6,10.5,,,0,0,0,0,0,1,0,0
2024_02_SEA_NE,202409150nwe,2024,2,REG,NE,SEA,Ja'Whaun Bentley,BentJa00,0,0,0,,,,,,,,,,1,0,0,0,0,0,0,
2024_02_SEA_NE,202409150nwe,2024,2,REG,SEA,NE,Julian Love,LoveJu00,0,4,3,0.75,21,7,5.3,1,126,5.3,17,4,0,0,0,0,0,7,1,0.125
2024_02_SEA_NE,202409150nwe,2024,2,REG,SEA,NE,Tyrice Knight,KnigTy00,0,3,3,1,42,14,14,0,118.7,1,-2,44,2,0,0,0,0,7,0,0
2024_02_SEA_NE,202409150nwe,2024,2,REG,SEA,NE,Riq Woolen,WoolTa00,0,4,2,0.5,14,7,3.5,0,58.3,7.3,13,1,1,1,0,0,1,3,0,0
2024_02_SEA_NE,202409150nwe,2024,2,REG,SEA,NE,Jerome Baker,BakeJe00,0,3,2,0.667,15,7.5,5,0,78.5,6.3,6,9,1,0,0,0,0,4,1,0.2
2024_02_SEA_NE,202409150nwe,2024,2,REG,SEA,NE,Tyrel Dodson,DodsTy01,0,2,2,1,27,13.5,13.5,0,118.7,10,20,7,2,0,0,0,0,8,1,0.111
2024_02_SEA_NE,202409150nwe,2024,2,REG,SEA,NE,Byron Murphy,MurpBy01,0,1,1,1,11,11,11,0,112.5,2,2,9,0,0,0,0.5,1,4,0,0
2024_02_SEA_NE,202409150nwe,2024,2,REG,SEA,NE,K'Von Wallace,WallKV00,0,1,1,1,12,12,12,0,116.7,9,9,3,0,0,0,0,0,4,0,0
2024_02_SEA_NE,202409150nwe,2024,2,REG,SEA,NE,Jarran Reed,ReedJa02,0,1,1,1,2,2,2,0,79.2,-3,-3,5,0,0,0,0,0,6,0,0
2024_02_SEA_NE,202409150nwe,2024,2,REG,SEA,NE,Devon Witherspoon,WithDe00,0,1,1,1,5,5,5,0,87.5,3,3,2,1,0,0,0,0,7,0,0
2024_02_SEA_NE,202409150nwe,2024,2,REG,SEA,NE,Leonard Williams,WillLe02,0,0,0,,,,,,,,,,0,2,2,1.5,6,4,2,0.333
2024_02_SEA_NE,202409150nwe,2024,2,REG,SEA,NE,Boye Mafe,MafeBo00,0,0,0,,,,,,,,,,4,3,1,1,5,5,2,0.286
2024_02_SEA_NE,202409150nwe,2024,2,REG,SEA,NE,Derick Hall,HallDe04,0,0,0,,,,,,,,,,2,1,1,0,2,2,1,0.333
2024_02_SEA_NE,202409150nwe,2024,2,REG,SEA,NE,Dre'Mont Jones,JoneDr00,0,0,0,,,,,,,,,,0,1,0,0,1,1,0,0
2024_02_SEA_NE,202409150nwe,2024,2,REG,SEA,NE,Rayshawn Jenkins,JenkRa00,0,1,0,0,,,0,,39.6,0,,,2,0,0,0,0,9,1,0.1
2024_02_SEA_NE,202409150nwe,2024,2,REG,SEA,NE,Johnathan Hankins,HankJo00,0,0,0,,,,,,,,,,0,0,0,0,0,3,1,0.25
2024_02_SEA_NE,202409150nwe,2024,2,REG,SEA,NE,Tre Brown,BrowTr03,0,2,0,0,,,0,,39.6,12.5,,,0,0,0,0,0,1,0,0
2024_02_SEA_NE,202409150nwe,2024,2,REG,SEA,NE,Brady Russell,RussBr00,0,1,0,0,,,0,,39.6,3,,,0,0,0,0,0,0,0,
2024_02_NYJ_TEN,202409150oti,2024,2,REG,TEN,NYJ,Kenneth Murray,MurrKe00,0,6,6,1,73,12.2,12.2,2,156.9,5.8,35,38,2,1,0,0,1,8,1,0.111
2024_02_NYJ_TEN,202409150oti,2024,2,REG,TEN,NYJ,Roger McCreary,McCrRo01,0,5,3,0.6,17,5.7,3.4,0,66.2,2.2,5,12,2,0,1,0,1,3,1,0.25
2024_02_NYJ_TEN,202409150oti,2024,2,REG,TEN,NYJ,Ernest Jones,JoneEr01,0,4,3,0.75,12,4,3,0,77.1,-2.5,-7,19,2,0,0,0,0,9,1,0.1
2024_02_NYJ_TEN,202409150oti,2024,2,REG,TEN,NYJ,L'Jarius Sneed,SneeLJ00,0,3,2,0.667,35,17.5,11.7,0,106.2,11.7,27,8,0,0,0,0,0,3,0,0
2024_02_NYJ_TEN,202409150oti,2024,2,REG,TEN,NYJ,Harold Landry,LandHa00,0,2,1,0.5,3,3,1.5,0,56.2,-3,-6,9,0,0,0,2,2,3,1,0.25
2024_02_NYJ_TEN,202409150oti,2024,2,REG,TEN,NYJ,Amani Hooker,HookAm00,0,6,1,0.167,6,6,1,0,39.6,11.5,6,0,2,0,0,0,0,3,1,0.25
2024_02_NYJ_TEN,202409150oti,2024,2,REG,TEN,NYJ,Quandre Diggs,DiggQu00,0,1,1,1,11,11,11,0,112.5,3,3,8,0,0,0,0,0,5,1,0.167
2024_02_NYJ_TEN,202409150oti,2024,2,REG,TEN,NYJ,Chidobe Awuzie,AwuzCh00,0,2,1,0.5,19,19,9.5,0,83.3,7.5,17,2,0,0,0,0,0,2,0,0
2024_02_NYJ_TEN,202409150oti,2024,2,REG,TEN,NYJ,Jeffery Simmons,SimmJe01,0,0,0,,,,,,,,,,0,0,0,0,0,5,1,0.167
2024_02_NYJ_TEN,202409150oti,2024,2,REG,NYJ,TEN,Quincy Williams,WillQu01,0,6,6,1,39,6.5,6.5,0,93.7,4,24,15,0,0,0,0,0,9,2,0.182
2024_02_NYJ_TEN,202409150oti,2024,2,REG,NYJ,TEN,Sauce Gardner,GardSa00,0,6,5,0.833,97,19.4,16.2,1,158.3,14.8,81,16,0,0,0,0,0,2,2,0.5
2024_02_NYJ_TEN,202409150oti,2024,2,REG,NYJ,TEN,Michael Carter II,CartMi02,0,2,2,1,3,1.5,1.5,0,79.2,-2,-4,7,0,0,0,0,0,3,1,0.25
2024_02_NYJ_TEN,202409150oti,2024,2,REG,NYJ,TEN,Brandin Echols,EchoBr00,1,5,2,0.4,18,9,3.6,0,10.8,30.6,9,9,0,0,0,0,0,5,0,0
2024_02_NYJ_TEN,202409150oti,2024,2,REG,NYJ,TEN,Isaiah Oliver,OlivIs00,0,1,1,1,11,11,11,0,112.5,-4,-4,15,1,0,0,0,0,2,0,0
2024_02_NYJ_TEN,202409150oti,2024,2,REG,NYJ,TEN,C.J. Mosley,MoslC.00,0,1,1,1,9,9,9,0,104.2,3,3,6,0,0,0,0,0,3,0,0
2024_02_NYJ_TEN,202409150oti,2024,2,REG,NYJ,TEN,Jamien Sherwood,SherJa00,0,2,1,0.5,8,8,4,0,60.4,8,4,4,1,0,0,0,0,12,2,0.143
2024_02_NYJ_TEN,202409150oti,2024,2,REG,NYJ,TEN,Jermaine Johnson II,JohnJe07,0,1,1,1,7,7,7,0,95.8,-3,-3,10,0,0,0,0,0,2,1,0.333
2024_02_NYJ_TEN,202409150oti,2024,2,REG,NYJ,TEN,Will McDonald,McDoWi00,0,0,0,,,,,,,,,,0,0,0,3,3,4,0,0
2024_02_NYJ_TEN,202409150oti,2024,2,REG,NYJ,TEN,Solomon Thomas,ThomSo00,0,1,0,0,,,0,,39.6,-1,,,0,0,0,1,1,3,1,0.25
2024_02_NYJ_TEN,202409150oti,2024,2,REG,NYJ,TEN,Javon Kinlaw,KinlJa00,0,0,0,,,,,,,,,,0,0,1,0,1,3,0,0
2024_02_NYJ_TEN,202409150oti,2024,2,REG,NYJ,TEN,Quinnen Williams,WillQu00,0,0,0,,,,,,,,,,0,0,1,0,1,3,2,0.4
2024_02_NYJ_TEN,202409150oti,2024,2,REG,NYJ,TEN,Chazz Surratt,SurrCh00,0,0,0,,,,,,,,,,1,0,0,0,0,2,0,0
2024_02_NYJ_TEN,202409150oti,2024,2,REG,NYJ,TEN,Tony Adams,AdamTo03,0,2,0,0,,,0,,39.6,10.5,,,1,0,0,0,0,3,1,0.25
2024_02_NYJ_TEN,202409150oti,2024,2,REG,NYJ,TEN,Chuck Clark,ClarCh00,0,0,0,,,,,,,,,,1,0,0,0,0,4,0,0
2024_02_NYG_WAS,202409150was,2024,2,REG,WAS,NYG,Benjamin St-Juste,StJuBe00,0,10,5,0.5,71,14.2,7.1,0,73.3,14.4,50,21,1,0,0,0,0,6,0,0
2024_02_NYG_WAS,202409150was,2024,2,REG,WAS,NYG,Michael Davis,DaviMi03,0,6,3,0.5,62,20.7,10.3,0,86.8,3.8,11,51,0,0,0,0,0,1,3,0.75
2024_02_NYG_WAS,202409150was,2024,2,REG,WAS,NYG,Noah Igbinoghene,IgbiNo00,0,3,2,0.667,8,4,2.7,0,70.1,5.7,6,2,0,0,0,0,0,3,0,0
2024_02_NYG_WAS,202409150was,2024,2,REG,WAS,NYG,Bobby Wagner,WagnBo00,0,4,2,0.5,15,7.5,3.8,0,59.4,4.3,2,13,2,0,0,0,0,9,0,0
2024_02_NYG_WAS,202409150was,2024,2,REG,WAS,NYG,Clelin Ferrell,FerrCl00,0,1,1,1,11,11,11,0,112.5,4,4,7,1,1,0,1,2,2,0,0
2024_02_NYG_WAS,202409150was,2024,2,REG,WAS,NYG,Jeremy Chinn,ChinJe00,0,1,1,1,4,4,4,1,122.9,4,4,0,3,1,0,0,1,1,1,0.5
2024_02_NYG_WAS,202409150was,2024,2,REG,WAS,NYG,Mike Sainristil,SainMi00,0,1,1,1,7,7,7,1,135.4,5,5,2,0,0,0,0,0,4,0,0
2024_02_NYG_WAS,202409150was,2024,2,REG,WAS,NYG,Frankie Luvu,LuvuFr00,0,1,1,1,0,0,0,0,79.2,-3,-3,3,1,0,0,0,0,11,0,0
2024_02_NYG_WAS,202409150was,2024,2,REG,WAS,NYG,Dorance Armstrong Jr.,ArmsDo00,0,0,0,,,,,,,,,,0,0,2,0,2,2,0,0
2024_02_NYG_WAS,202409150was,2024,2,REG,WAS,NYG,Phidarian Mathis,MathPh00,0,0,0,,,,,,,,,,0,1,0,0,1,1,0,0
2024_02_NYG_WAS,202409150was,2024,2,REG,WAS,NYG,Jonathan Allen,AlleJo01,0,0,0,,,,,,,,,,0,0,1,0,1,2,0,0
2024_02_NYG_WAS,202409150was,2024,2,REG,WAS,NYG,Quan Martin,MartJa04,0,0,0,,,,,,,,,,2,0,0,0,0,3,1,0.25
2024_02_NYG_WAS,202409150was,2024,2,REG,WAS,NYG,Javontae Jean-Baptiste,JeanJa00,0,0,0,,,,,,,,,,1,0,0,0,0,1,0,0
2024_02_NYG_WAS,202409150was,2024,2,REG,WAS,NYG,Percy Butler,ButlPe00,0,0,0,,,,,,,,,,0,0,0,0,0,3,1,0.25
2024_02_NYG_WAS,202409150was,2024,2,REG,NYG,WAS,Bobby Okereke,OkerBo00,0,7,6,0.857,55,9.2,7.9,0,99.4,-2.1,-21,76,2,0,0,1,1,8,2,0.2
2024_02_NYG_WAS,202409150was,2024,2,REG,NYG,WAS,Jason Pinnock,PinnJa01,0,5,4,0.8,45,11.3,9,0,104.2,8.6,34,11,2,0,0,2,2,9,2,0.182
2024_02_NYG_WAS,202409150was,2024,2,REG,NYG,WAS,Deonte Banks,BankDe00,0,6,4,0.667,29,7.3,4.8,0,77.8,6.7,20,9,1,0,0,0,0,4,0,0
2024_02_NYG_WAS,202409150was,2024,2,REG,NYG,WAS,Micah McFadden,McFaMi01,0,4,3,0.75,24,8,6,0,89.6,2,16,8,3,2,0,1,3,13,1,0.071
2024_02_NYG_WAS,202409150was,2024,2,REG,NYG,WAS,Cordale Flott,FlotCo00,0,3,3,1,48,16,16,0,118.7,6,18,30,1,0,0,0,0,5,1,0.167
2024_02_NYG_WAS,202409150was,2024,2,REG,NYG,WAS,Andru Phillips,PhilAn02,0,1,1,1,-2,-2,-2,0,79.2,-4,-4,2,0,0,0,1,1,12,1,0.077
2024_02_NYG_WAS,202409150was,2024,2,REG,NYG,WAS,Tyler Nubin,NubiTy00,0,1,1,1,7,7,7,0,95.8,3,3,4,1,0,0,0,0,5,0,0
2024_02_NYG_WAS,202409150was,2024,2,REG,NYG,WAS,Adoree' Jackson,JackAd00,0,2,1,0.5,20,20,10,0,85.4,7.5,15,5,0,0,0,0,0,1,0,0
2024_02_NYG_WAS,202409150was,2024,2,REG,NYG,WAS,Kayvon Thibodeaux,ThibKa00,0,0,0,,,,,,,,,,2,0,2,0,2,4,0,0
2024_02_NYG_WAS,202409150was,2024,2,REG,NYG,WAS,Brian Burns,BurnBr00,0,0,0,,,,,,,,,,0,1,0,0,1,3,0,0
2024_02_NYG_WAS,202409150was,2024,2,REG,NYG,WAS,Isaiah Simmons,SimmIs00,0,0,0,,,,,,,,,,1,0,0,0,0,2,1,0.333
2024_02_LA_ARI,202409150crd,2024,2,REG,ARI,LA,Jalen Thompson,ThomJa04,0,5,4,0.8,69,17.3,13.8,0,118.7,13.6,43,26,1,0,0,0,0,5,0,0
2024_02_LA_ARI,202409150crd,2024,2,REG,ARI,LA,Budda Baker,BakeBu00,0,6,4,0.667,55,13.8,9.2,0,95.8,9.2,42,13,0,0,0,0,0,8,1,0.111
2024_02_LA_ARI,202409150crd,2024,2,REG,ARI,LA,Kyzir White,WhitKy00,0,3,3,1,34,11.3,11.3,0,113.9,0.7,2,32,1,0,0,0,0,7,0,0
2024_02_LA_ARI,202409150crd,2024,2,REG,ARI,LA,Sean Murphy-Bunting,BuntSe00,0,4,2,0.5,24,12,6,0,68.7,8.5,24,0,1,1,0,0,1,2,0,0
2024_02_LA_ARI,202409150crd,2024,2,REG,ARI,LA,Garrett Williams,WillGa00,0,3,2,0.667,10,5,3.3,0,71.5,6.3,-6,16,1,0,0,0,0,1,2,0.667
2024_02_LA_ARI,202409150crd,2024,2,REG,ARI,LA,Mack Wilson,WilsMa03,0,2,2,1,10,5,5,0,87.5,-2,-4,14,1,0,0,0,0,4,0,0
2024_02_LA_ARI,202409150crd,2024,2,REG,ARI,LA,Dennis Gardeck,GardDe01,0,1,1,1,7,7,7,0,95.8,4,4,3,3,0,0,3,3,6,0,0
2024_02_LA_ARI,202409150crd,2024,2,REG,ARI,LA,Krys Barnes,BarnKr00,0,1,1,1,12,12,12,0,116.7,6,6,6,1,0,0,1,1,4,0,0
2024_02_LA_ARI,202409150crd,2024,2,REG,ARI,LA,Starling Thomas,ThomSt01,0,3,1,0.333,0,0,0,0,42.4,0,-7,7,0,0,0,0,0,4,0,0
2024_02_LA_ARI,202409150crd,2024,2,REG,ARI,LA,Max Melton,MeltMa00,0,1,1,1,7,7,7,0,95.8,7,7,0,0,0,0,0,0,2,0,0
2024_02_LA_ARI,202409150crd,2024,2,REG,ARI,LA,L.J. Collier,CollLJ00,0,0,0,,,,,,,,,,0,0,2,0,2,0,0,
2024_02_LA_ARI,202409150crd,2024,2,REG,ARI,LA,Justin Jones,JoneJu03,0,1,0,0,,,0,,39.6,-8,,,0,0,1,0,1,1,0,0
2024_02_LA_ARI,202409150crd,2024,2,REG,ARI,LA,Victor Dimukeje,DimuVi00,0,0,0,,,,,,,,,,0,0,1,0,1,2,0,0
2024_02_LA_ARI,202409150crd,2024,2,REG,ARI,LA,Zaven Collins,CollZa00,0,0,0,,,,,,,,,,1,0,0,1,1,2,0,0
2024_02_LA_ARI,202409150crd,2024,2,REG,ARI,LA,Xavier Thomas,ThomXa01,0,0,0,,,,,,,,,,1,0,0,0,0,1,0,0
2024_02_LA_ARI,202409150crd,2024,2,REG,ARI,LA,Owen Pappoe,PappOw00,0,0,0,,,,,,,,,,1,0,0,0,0,3,0,0
2024_02_LA_ARI,202409150crd,2024,2,REG,ARI,LA,Julian Okwara,OkwaJu00,0,0,0,,,,,,,,,,1,0,0,0,0,2,0,0
2024_02_LA_ARI,202409150crd,2024,2,REG,LA,ARI,Christian Rozeboom,RozeCh00,0,4,4,1,45,11.3,11.3,0,113.5,4,16,29,0,0,0,0,0,4,4,0.5
2024_02_LA_ARI,202409150crd,2024,2,REG,LA,ARI,Tre'Davious White,WhitTr01,0,5,4,0.8,59,14.8,11.8,2,155.4,14.4,58,1,1,0,0,0,0,3,1,0.25
2024_02_LA_ARI,202409150crd,2024,2,REG,LA,ARI,Kamren Curl,CurlKa00,0,2,2,1,83,41.5,41.5,1,158.3,29,58,25,0,0,0,0,0,8,2,0.2
2024_02_LA_ARI,202409150crd,2024,2,REG,LA,ARI,Kamren Kinchens,KincKa00,0,2,2,1,40,20,20,0,118.7,14.5,29,11,0,0,0,0,0,2,0,0
2024_02_LA_ARI,202409150crd,2024,2,REG,LA,ARI,Kobie Turner,TurnKo00,0,1,1,1,2,2,2,0,79.2,-1,-1,3,0,1,0,1,2,3,1,0.25
2024_02_LA_ARI,202409150crd,2024,2,REG,LA,ARI,Troy Reeder,ReedTr01,0,1,1,1,8,8,8,0,100,-2,-2,10,0,0,0,0,0,8,0,0
2024_02_LA_ARI,202409150crd,2024,2,REG,LA,ARI,Cobie Durant,DuraDe01,0,3,1,0.333,23,23,7.7,0,61.8,17,23,0,0,0,0,0,0,2,0,0
2024_02_LA_ARI,202409150crd,2024,2,REG,LA,ARI,Quentin Lake,LakeQu00,0,1,1,1,18,18,18,0,118.7,4,4,14,0,0,0,0,0,11,1,0.083
2024_02_LA_ARI,202409150crd,2024,2,REG,LA,ARI,Michael Hoecht,HoecMi00,0,1,1,1,2,2,2,0,79.2,-5,-5,7,1,0,0,0,0,5,2,0.286
2024_02_LA_ARI,202409150crd,2024,2,REG,LA,ARI,John Johnson,JohnJo10,0,1,1,1,9,9,9,0,104.2,8,8,1,0,0,0,0,0,2,0,0
2024_02_LA_ARI,202409150crd,2024,2,REG,LA,ARI,Jared Verse,VersJa00,0,0,0,,,,,,,,,,3,2,0,0,2,7,2,0.222
2024_02_LA_ARI,202409150crd,2024,2,REG,LA,ARI,Braden Fiske,FiskBr00,0,0,0,,,,,,,,,,0,1,0,0,1,3,3,0.5
2024_02_LA_ARI,202409150crd,2024,2,REG,LA,ARI,Desjuan Johnson,JohnDe08,0,0,0,,,,,,,,,,0,0,0,0,0,2,1,0.333
2024_02_LA_ARI,202409150crd,2024,2,REG,LA,ARI,Josh Wallace,WallJo00,0,1,0,0,,,0,,39.6,7,,,0,0,0,0,0,0,0,
2024_02_LA_ARI,202409150crd,2024,2,REG,LA,ARI,Byron Young,YounBy01,0,0,0,,,,,,,,,,5,0,0,0,0,2,1,0.333
2024_02_PIT_DEN,202409150den,2024,2,REG,DEN,PIT,Riley Moss,MossRi00,0,4,3,0.75,17,5.7,4.3,0,82.3,11,11,6,1,0,0,0,0,3,0,0
2024_02_PIT_DEN,202409150den,2024,2,REG,DEN,PIT,Alex Singleton,SingAl00,0,2,2,1,12,6,6,0,91.7,0.5,1,11,5,0,1,0,1,11,0,0
2024_02_PIT_DEN,202409150den,2024,2,REG,DEN,PIT,Cody Barton,BartCo00,0,2,2,1,16,8,8,0,100,4,8,8,2,0,0,0,0,7,2,0.222
2024_02_PIT_DEN,202409150den,2024,2,REG,DEN,PIT,P.J. Locke,LockPJ00,0,2,1,0.5,5,5,2.5,1,95.8,11,5,0,0,0,0,0,0,2,0,0
2024_02_PIT_DEN,202409150den,2024,2,REG,DEN,PIT,Ja'Quan McMillian,McMiJa00,0,2,1,0.5,13,13,6.5,0,70.8,13.5,7,6,0,0,0,0,0,2,0,0
2024_02_PIT_DEN,202409150den,2024,2,REG,DEN,PIT,Patrick Surtain II,SurtPa01,0,2,1,0.5,16,16,8,0,77.1,10.5,16,0,0,0,0,0,0,1,0,0
2024_02_PIT_DEN,202409150den,2024,2,REG,DEN,PIT,Nik Bonitto,BoniNi00,0,1,1,1,14,14,14,0,118.7,13,13,1,0,0,0,0,0,4,0,0
2024_02_PIT_DEN,202409150den,2024,2,REG,DEN,PIT,Levi Wallace,WallLe00,0,1,1,1,12,12,12,0,116.7,5,5,7,0,0,0,0,0,1,0,0
2024_02_PIT_DEN,202409150den,2024,2,REG,DEN,PIT,Kristian Welch,WelcKr00,0,1,1,1,12,12,12,0,116.7,-1,-1,13,0,0,0,0,0,2,0,0
2024_02_PIT_DEN,202409150den,2024,2,REG,DEN,PIT,Zach Allen,AlleZa01,0,0,0,,,,,,,,,,0,0,3,1,4,4,0,0
2024_02_PIT_DEN,202409150den,2024,2,REG,DEN,PIT,Jonah Elliss,ElliJo03,0,0,0,,,,,,,,,,3,0,0,1,1,3,0,0
2024_02_PIT_DEN,202409150den,2024,2,REG,DEN,PIT,Jonathon Cooper,CoopJo02,0,0,0,,,,,,,,,,6,0,0,0,0,5,0,0
2024_02_PIT_DEN,202409150den,2024,2,REG,DEN,PIT,Malcolm Roach,RoacMa01,0,0,0,,,,,,,,,,0,0,0,0,0,4,1,0.2
2024_02_PIT_DEN,202409150den,2024,2,REG,DEN,PIT,Baron Browning,BrowBa01,0,1,0,0,,,0,,39.6,-3,,,2,0,0,0,0,0,0,
2024_02_PIT_DEN,202409150den,2024,2,REG,PIT,DEN,Damontae Kazee,KazeDa00,1,4,4,1,89,22.3,22.3,0,79.2,12,48,41,0,0,0,0,0,4,0,0
2024_02_PIT_DEN,202409150den,2024,2,REG,PIT,DEN,Beanie Bishop,BishBe00,0,6,3,0.5,49,16.3,8.2,0,77.8,8.2,29,20,2,0,0,0,0,1,1,0.5
2024_02_PIT_DEN,202409150den,2024,2,REG,PIT,DEN,Elandon Roberts,RobeEl00,0,3,3,1,11,3.7,3.7,0,81.9,-1,-3,14,0,0,0,0,0,2,1,0.333
2024_02_PIT_DEN,202409150den,2024,2,REG,PIT,DEN,Patrick Queen,QueePa00,0,6,3,0.5,19,6.3,3.2,0,56.9,7.5,4,15,4,0,0,0,0,4,0,0
2024_02_PIT_DEN,202409150den,2024,2,REG,PIT,DEN,Alex Highsmith,HighAl02,0,1,1,1,4,4,4,0,83.3,4,4,0,1,0,0,1,1,4,0,0
2024_02_PIT_DEN,202409150den,2024,2,REG,PIT,DEN,Cory Trice,TricCo00,1,3,1,0.333,31,31,10.3,0,33.3,6.3,13,18,0,0,0,0,0,2,0,0
2024_02_PIT_DEN,202409150den,2024,2,REG,PIT,DEN,Joey Porter Jr.,PortJo02,0,3,1,0.333,26,26,8.7,0,66,7.3,15,11,0,0,0,0,0,2,0,0
2024_02_PIT_DEN,202409150den,2024,2,REG,PIT,DEN,Minkah Fitzpatrick,FitzMi00,0,2,1,0.5,7,7,3.5,0,58.3,15,7,0,0,0,0,0,0,7,0,0
2024_02_PIT_DEN,202409150den,2024,2,REG,PIT,DEN,Donte Jackson,JackDo02,0,2,1,0.5,8,8,4,0,60.4,27.5,2,6,0,0,0,0,0,3,0,0
2024_02_PIT_DEN,202409150den,2024,2,REG,PIT,DEN,T.J. Watt,WattT.00,0,0,0,,,,,,,,,,0,0,1,1,2,3,0,0
2024_02_PIT_DEN,202409150den,2024,2,REG,PIT,DEN,Cameron Heyward,HeywCa01,0,0,0,,,,,,,,,,0,0,2,0,2,3,0,0
2024_02_PIT_DEN,202409150den,2024,2,REG,PIT,DEN,Montravius Adams,AdamMo00,0,0,0,,,,,,,,,,0,1,0,0,1,2,0,0
2024_02_PIT_DEN,202409150den,2024,2,REG,PIT,DEN,Keeanu Benton,BentKe00,0,0,0,,,,,,,,,,0,0,1,0,1,3,0,0
2024_02_PIT_DEN,202409150den,2024,2,REG,PIT,DEN,Larry Ogunjobi,OgunLa00,0,0,0,,,,,,,,,,0,1,0,0,1,2,0,0
2024_02_PIT_DEN,202409150den,2024,2,REG,PIT,DEN,Payton Wilson,WilsPa00,0,1,0,0,,,0,,39.6,6,,,0,0,0,0,0,0,1,1
2024_02_PIT_DEN,202409150den,2024,2,REG,PIT,DEN,Nick Herbig,HerbNi00,0,0,0,,,,,,,,,,1,0,0,0,0,0,0,
2024_02_PIT_DEN,202409150den,2024,2,REG,PIT,DEN,DeShon Elliott,ElliDe02,0,3,0,0,,,0,,39.6,15,,,0,0,0,0,0,9,0,0
2024_02_CIN_KC,202409150kan,2024,2,REG,KC,CIN,Nick Bolton,BoltNi00,0,4,4,1,33,8.3,8.3,0,101,6,24,9,5,0,0,0,0,7,0,0
2024_02_CIN_KC,202409150kan,2024,2,REG,KC,CIN,Drue Tranquill,TranDr00,0,4,4,1,42,10.5,10.5,0,110.4,3.8,15,27,10,0,0,0,0,7,2,0.222
2024_02_CIN_KC,202409150kan,2024,2,REG,KC,CIN,Chamarri Conner,ConnCh01,0,3,3,1,24,8,8,0,100,2.7,8,16,3,0,0,1,1,6,1,0.143
2024_02_CIN_KC,202409150kan,2024,2,REG,KC,CIN,Justin Reid,ReidJu00,0,5,3,0.6,53,17.7,10.6,0,96.2,9.4,24,29,3,0,0,0,0,7,0,0
2024_02_CIN_KC,202409150kan,2024,2,REG,KC,CIN,Jaylen Watson,WatsJa02,0,5,3,0.6,72,24,14.4,0,104.2,14.4,50,22,1,0,0,0,0,6,1,0.143
2024_02_CIN_KC,202409150kan,2024,2,REG,KC,CIN,Trent McDuffie,McDuTr00,0,5,2,0.4,9,4.5,1.8,0,47.9,7.4,8,1,0,0,0,0,0,4,0,0
2024_02_CIN_KC,202409150kan,2024,2,REG,KC,CIN,Joshua Williams,WillJo03,0,2,2,1,13,6.5,6.5,1,133.3,2,4,9,0,0,0,0,0,1,1,0.5
2024_02_CIN_KC,202409150kan,2024,2,REG,KC,CIN,Nazeeh Johnson,JohnNa01,0,2,1,0.5,4,4,2,1,95.8,8,4,0,0,0,0,0,0,0,0,
2024_02_CIN_KC,202409150kan,2024,2,REG,KC,CIN,Leo Chenal,ChenLe00,0,1,1,1,8,8,8,0,100,-1,-1,9,3,0,0,0,0,6,0,0
2024_02_CIN_KC,202409150kan,2024,2,REG,KC,CIN,Chris Jones,JoneCh09,0,0,0,,,,,,,,,,0,0,2,0.5,3,1,0,0
2024_02_CIN_KC,202409150kan,2024,2,REG,KC,CIN,George Karlaftis III,KarlGe00,0,0,0,,,,,,,,,,0,0,1,0.5,2,3,0,0
2024_02_CIN_KC,202409150kan,2024,2,REG,KC,CIN,Tershawn Wharton,WharTe00,0,0,0,,,,,,,,,,0,0,0,0.5,1,2,1,0.333
2024_02_CIN_KC,202409150kan,2024,2,REG,KC,CIN,Michael Danna,DannMi00,0,0,0,,,,,,,,,,0,0,0,0.5,1,4,0,0
2024_02_CIN_KC,202409150kan,2024,2,REG,KC,CIN,Bryan Cook,CookBr02,0,3,0,0,,,0,,39.6,2.7,,,0,0,0,0,0,5,1,0.167
2024_02_CIN_KC,202409150kan,2024,2,REG,CIN,KC,Logan Wilson,WilsLo00,0,3,3,1,20,6.7,6.7,0,94.4,-4.3,-13,33,1,0,0,0,0,12,1,0.077
2024_02_CIN_KC,202409150kan,2024,2,REG,CIN,KC,Cam Taylor-Britt,TaylCa01,1,5,3,0.6,59,19.7,11.8,1,101.2,14.8,31,28,0,0,0,0,0,2,0,0
2024_02_CIN_KC,202409150kan,2024,2,REG,CIN,KC,Germaine Pratt,PratGe00,0,2,2,1,6,3,3,0,79.2,-0.5,-1,7,0,0,1,0,1,16,0,0
2024_02_CIN_KC,202409150kan,2024,2,REG,CIN,KC,Vonn Bell,BellVo00,0,2,2,1,8,4,4,1,122.9,2.5,5,3,0,0,0,0,0,8,0,0
2024_02_CIN_KC,202409150kan,2024,2,REG,CIN,KC,Joseph Ossai,OssaJo00,0,2,2,1,8,4,4,0,83.3,-2,-4,12,0,0,0,0,0,1,0,0
2024_02_CIN_KC,202409150kan,2024,2,REG,CIN,KC,Mike Hilton,HiltMi01,0,3,2,0.667,13,6.5,4.3,0,75.7,-0.7,-4,17,1,0,0,0,0,3,1,0.25
2024_02_CIN_KC,202409150kan,2024,2,REG,CIN,KC,Daxton Hill,HillDa04,0,4,2,0.5,26,13,6.5,0,70.8,6,17,9,0,0,0,0,0,4,1,0.2
2024_02_CIN_KC,202409150kan,2024,2,REG,CIN,KC,Akeem Davis-Gaither,DaviAk01,1,2,1,0.5,1,1,0.5,0,16.7,4.5,-5,6,2,0,0,0,0,3,0,0
2024_02_CIN_KC,202409150kan,2024,2,REG,CIN,KC,Trey Hendrickson,HendTr00,0,0,0,,,,,,,,,,0,0,1,2,3,4,0,0
2024_02_CIN_KC,202409150kan,2024,2,REG,CIN,KC,Joe Bachie,BachJo01,0,0,0,,,,,,,,,,1,0,0,0,0,0,0,
2024_02_CIN_KC,202409150kan,2024,2,REG,CIN,KC,Geno Stone,StonGe00,0,0,0,,,,,,,,,,1,0,0,0,0,6,0,0
2024_02_CHI_HOU,202409150htx,2024,2,REG,HOU,CHI,Jalen Pitre,PitrJa00,0,7,6,0.857,18,3,2.6,0,79.2,-3.3,-14,32,7,0,0,0,0,10,2,0.167
2024_02_CHI_HOU,202409150htx,2024,2,REG,HOU,CHI,Derek Stingley Jr.,StinDe00,1,6,4,0.667,57,14.3,9.5,0,57.6,14.5,10,47,0,0,0,0,0,0,2,1
2024_02_CHI_HOU,202409150htx,2024,2,REG,HOU,CHI,Jimmie Ward,WardJi01,0,6,4,0.667,19,4.8,3.2,0,70.8,6.7,8,11,0,0,0,0,0,7,0,0
2024_02_CHI_HOU,202409150htx,2024,2,REG,HOU,CHI,Azeez Al-Shaair,AlShAz00,0,2,2,1,11,5.5,5.5,0,89.6,2.5,5,6,12,0,1,1,2,10,0,0
2024_02_CHI_HOU,202409150htx,2024,2,REG,HOU,CHI,Henry To'oTo'o,TooTHe00,0,2,2,1,3,1.5,1.5,0,79.2,-2,-4,7,2,0,0,1,1,13,0,0
2024_02_CHI_HOU,202409150htx,2024,2,REG,HOU,CHI,Kamari Lassiter,LassKa00,1,7,2,0.286,20,10,2.9,0,0,16.1,20,0,0,0,0,0,0,4,0,0
2024_02_CHI_HOU,202409150htx,2024,2,REG,HOU,CHI,Eric Murray,MurrEr00,0,3,2,0.667,39,19.5,13,0,109.7,9.7,17,22,1,0,0,0,0,2,1,0.333
2024_02_CHI_HOU,202409150htx,2024,2,REG,HOU,CHI,Calen Bullock,BullCa00,0,1,1,1,7,7,7,0,95.8,1,1,6,0,0,0,0,0,4,0,0
2024_02_CHI_HOU,202409150htx,2024,2,REG,HOU,CHI,Danielle Hunter,HuntDa01,0,0,0,,,,,,,,,,0,2,0,1.5,4,5,0,0
2024_02_CHI_HOU,202409150htx,2024,2,REG,HOU,CHI,Will Anderson,AndeWi01,0,0,0,,,,,,,,,,0,1,0,1.5,3,4,1,0.2
2024_02_CHI_HOU,202409150htx,2024,2,REG,HOU,CHI,Mario Edwards,EdwaMa01,0,0,0,,,,,,,,,,0,0,1,1,2,1,1,0.5
2024_02_CHI_HOU,202409150htx,2024,2,REG,HOU,CHI,Tim Settle,SettTi00,0,0,0,,,,,,,,,,0,1,0,0,1,0,0,
2024_02_CHI_HOU,202409150htx,2024,2,REG,HOU,CHI,Folorunso Fatukasi,FatuFo00,0,0,0,,,,,,,,,,0,0,1,0,1,2,0,0
2024_02_CHI_HOU,202409150htx,2024,2,REG,HOU,CHI,Derek Barnett,BarnDe01,0,0,0,,,,,,,,,,0,0,0,1,1,1,0,0
2024_02_CHI_HOU,202409150htx,2024,2,REG,CHI,HOU,Tyrique Stevenson,StevTy01,0,10,7,0.7,96,13.7,9.6,0,100.4,9.4,58,38,0,0,0,0,0,5,3,0.375
2024_02_CHI_HOU,202409150htx,2024,2,REG,CHI,HOU,Kevin Byard,ByarKe01,0,6,5,0.833,64,12.8,10.7,1,150.7,11.2,43,21,0,0,0,0,0,11,1,0.083
2024_02_CHI_HOU,202409150htx,2024,2,REG,CHI,HOU,Kyler Gordon,GordKy00,0,6,4,0.667,36,9,6,0,82.6,4.7,11,25,5,1,0,0,1,6,0,0
2024_02_CHI_HOU,202409150htx,2024,2,REG,CHI,HOU,Tremaine Edmunds,EdmuTr01,0,4,3,0.75,28,9.3,7,0,93.7,5.8,8,20,2,0,0,1,1,11,0,0
2024_02_CHI_HOU,202409150htx,2024,2,REG,CHI,HOU,T.J. Edwards,EdwaTJ02,0,3,2,0.667,16,8,5.3,0,79.9,-3,0,16,1,0,0,0,0,8,0,0
2024_02_CHI_HOU,202409150htx,2024,2,REG,CHI,HOU,Jaquan Brisker,BrisJa01,0,2,1,0.5,4,4,2,0,56.2,9,3,1,2,0,0,0,0,8,0,0
2024_02_CHI_HOU,202409150htx,2024,2,REG,CHI,HOU,Jaylon Johnson,JohnJa13,0,5,1,0.2,16,16,3.2,0,40.4,9.4,5,11,0,0,0,0,0,0,0,
2024_02_CHI_HOU,202409150htx,2024,2,REG,CHI,HOU,Gervon Dexter,DextGe00,0,0,0,,,,,,,,,,0,1,0,1,2,1,0,0
2024_02_CHI_HOU,202409150htx,2024,2,REG,CHI,HOU,DeMarcus Walker,WalkDe03,0,0,0,,,,,,,,,,0,1,0,0,1,2,0,0
2024_02_CHI_HOU,202409150htx,2024,2,REG,CHI,HOU,Andrew Billings,BillAn00,0,0,0,,,,,,,,,,0,1,0,0,1,2,1,0.333
2024_02_CHI_HOU,202409150htx,2024,2,REG,CHI,HOU,Montez Sweat,SweaMo00,0,0,0,,,,,,,,,,0,1,0,0,1,0,0,
2024_02_CHI_HOU,202409150htx,2024,2,REG,CHI,HOU,Jack Sanborn,SanbJa00,0,0,0,,,,,,,,,,2,0,0,1,1,2,0,0
2024_02_CHI_HOU,202409150htx,2024,2,REG,CHI,HOU,Darrell Taylor,TaylDa00,0,0,0,,,,,,,,,,1,0,1,0,1,1,0,0
2024_02_ATL_PHI,202409160phi,2024,2,REG,PHI,ATL,Darius Slay,SlayDa00,0,7,6,0.857,60,10,8.6,1,142,7.6,49,11,0,0,0,0,0,5,1,0.167
2024_02_ATL_PHI,202409160phi,2024,2,REG,PHI,ATL,Zack Baun,BaunZa00,0,6,5,0.833,27,5.4,4.5,0,85.4,-0.2,-4,31,4,0,0,0,0,9,2,0.182
2024_02_ATL_PHI,202409160phi,2024,2,REG,PHI,ATL,C.J. Gardner-Johnson,GardCh00,0,2,2,1,60,30,30,1,158.3,18,36,24,0,0,0,0,0,6,2,0.25
2024_02_ATL_PHI,202409160phi,2024,2,REG,PHI,ATL,Reed Blankenship,BlanRe00,0,3,2,0.667,33,16.5,11,0,103.5,21,26,7,0,0,0,0,0,10,2,0.167
2024_02_ATL_PHI,202409160phi,2024,2,REG,PHI,ATL,Quinyon Mitchell,MitcQu00,0,4,2,0.5,31,15.5,7.8,0,76,8,21,10,0,0,0,0,0,3,1,0.25
2024_02_ATL_PHI,202409160phi,2024,2,REG,PHI,ATL,Nakobe Dean,DeanNa00,0,3,2,0.667,23,11.5,7.7,0,89.6,6,14,9,4,0,0,0,0,7,0,0
2024_02_ATL_PHI,202409160phi,2024,2,REG,PHI,ATL,Avonte Maddox,MaddAv00,0,4,1,0.25,7,7,1.8,0,39.6,8.5,-2,9,0,0,0,0,0,1,0,0
2024_02_ATL_PHI,202409160phi,2024,2,REG,PHI,ATL,Jalen Carter,CartJa05,0,0,0,,,,,,,,,,0,2,0,0,2,1,0,0
2024_02_ATL_PHI,202409160phi,2024,2,REG,PHI,ATL,Brandon Graham,GrahBr99,0,0,0,,,,,,,,,,0,1,0,0,1,0,1,1
2024_02_ATL_PHI,202409160phi,2024,2,REG,PHI,ATL,Josh Sweat,SweaJo00,0,0,0,,,,,,,,,,3,0,1,0,1,4,0,0
2024_02_ATL_PHI,202409160phi,2024,2,REG,PHI,ATL,Milton Williams,WillMi08,0,0,0,,,,,,,,,,0,0,0,1,1,2,0,0
2024_02_ATL_PHI,202409160phi,2024,2,REG,PHI,ATL,Jordan Davis,DaviJo03,0,0,0,,,,,,,,,,0,0,0,0,0,2,1,0.333
2024_02_ATL_PHI,202409160phi,2024,2,REG,PHI,ATL,Nolan Smith,SmitNo02,0,0,0,,,,,,,,,,3,0,0,0,0,1,0,0
2024_02_ATL_PHI,202409160phi,2024,2,REG,PHI,ATL,Jeremiah Trotter Jr.,TrotJe01,0,0,0,,,,,,,,,,1,0,0,0,0,2,0,0
2024_02_ATL_PHI,202409160phi,2024,2,REG,ATL,PHI,DeAundre Alford,AlfoDe00,0,6,5,0.833,44,8.8,7.3,0,97.2,7,40,4,1,0,0,0,0,5,4,0.444
2024_02_ATL_PHI,202409160phi,2024,2,REG,ATL,PHI,Jessie Bates III,BateJe00,1,6,4,0.667,32,8,5.3,1,79.9,7.7,15,17,1,1,0,0,1,12,0,0
2024_02_ATL_PHI,202409160phi,2024,2,REG,ATL,PHI,AJ Terrell,TerrAJ00,0,4,4,1,33,8.3,8.3,0,101,8.3,33,0,0,0,0,0,0,7,0,0
2024_02_ATL_PHI,202409160phi,2024,2,REG,ATL,PHI,Kaden Elliss,ElliKa00,0,3,3,1,34,11.3,11.3,0,113.9,6.7,20,14,4,0,1,0,1,11,0,0
2024_02_ATL_PHI,202409160phi,2024,2,REG,ATL,PHI,Troy Andersen,AndeTr00,0,2,2,1,7,3.5,3.5,0,81.2,2.5,5,2,5,0,0,0,0,9,1,0.1
2024_02_ATL_PHI,202409160phi,2024,2,REG,ATL,PHI,Justin Simmons,SimmJu00,0,3,2,0.667,7,3.5,2.3,0,70.1,-0.3,-1,8,1,0,0,0,0,5,2,0.286
2024_02_ATL_PHI,202409160phi,2024,2,REG,ATL,PHI,Mike Hughes,HughMi00,0,2,1,0.5,9,9,4.5,0,62.5,8,7,2,0,0,0,0,0,5,0,0
2024_02_ATL_PHI,202409160phi,2024,2,REG,ATL,PHI,James Smith-Williams,SmitJa08,0,1,1,1,4,4,4,0,83.3,-5,-5,9,0,0,0,0,0,1,0,0
2024_02_ATL_PHI,202409160phi,2024,2,REG,ATL,PHI,Kevin King,KingKe01,0,1,1,1,13,13,13,0,118.7,12,12,1,0,0,0,0,0,1,0,0
2024_02_ATL_PHI,202409160phi,2024,2,REG,ATL,PHI,Grady Jarrett,JarrGr00,0,0,0,,,,,,,,,,0,0,3,0,3,2,0,0
2024_02_ATL_PHI,202409160phi,2024,2,REG,ATL,PHI,Matt Judon,JudoMa00,0,0,0,,,,,,,,,,5,1,0,1,2,6,0,0
2024_02_ATL_PHI,202409160phi,2024,2,REG,ATL,PHI,David Onyemata,OnyeDa00,0,0,0,,,,,,,,,,0,1,0,0,1,3,1,0.25
2024_02_ATL_PHI,202409160phi,2024,2,REG,ATL,PHI,Ta'Quon Graham,GrahTa00,0,0,0,,,,,,,,,,0,0,0,0,0,2,1,0.333
2024_02_ATL_PHI,202409160phi,2024,2,REG,ATL,PHI,Richie Grant,GranRi00,0,1,0,0,,,0,,39.6,9,,,0,0,0,0,0,1,0,0
2024_02_ATL_PHI,202409160phi,2024,2,REG,ATL,PHI,Lorenzo Carter,CartLo01,0,0,0,,,,,,,,,,3,0,0,0,0,0,1,1
2024_03_NE_NYJ,202409190nyj,2024,3,REG,NYJ,NE,Sauce Gardner,GardSa00,0,5,4,0.8,20,5,4,0,83.3,6,14,6,0,0,0,0,0,4,0,0
2024_03_NE_NYJ,202409190nyj,2024,3,REG,NYJ,NE,Jamien Sherwood,SherJa00,0,4,3,0.75,15,5,3.8,0,80.2,2.8,6,9,1,0,0,0,0,5,0,0
2024_03_NE_NYJ,202409190nyj,2024,3,REG,NYJ,NE,Michael Carter II,CartMi02,0,3,2,0.667,34,17,11.3,0,104.9,10,27,7,3,1,0,0,1,1,0,0
2024_03_NE_NYJ,202409190nyj,2024,3,REG,NYJ,NE,Chuck Clark,ClarCh00,0,2,2,1,26,13,13,0,118.7,-2,-4,30,1,0,0,1,1,7,0,0
2024_03_NE_NYJ,202409190nyj,2024,3,REG,NYJ,NE,Tony Adams,AdamTo03,0,6,2,0.333,43,21.5,7.2,0,59.7,12.3,18,25,0,0,0,0,0,3,1,0.25
2024_03_NE_NYJ,202409190nyj,2024,3,REG,NYJ,NE,Quinnen Williams,WillQu00,0,2,1,0.5,0,0,0,0,56.2,-2,-1,1,0,0,2,1,3,2,0,0
2024_03_NE_NYJ,202409190nyj,2024,3,REG,NYJ,NE,Quincy Williams,WillQu01,0,2,1,0.5,0,0,0,0,56.2,0.5,-5,5,1,1,0,0,1,8,0,0
2024_03_NE_NYJ,202409190nyj,2024,3,REG,NYJ,NE,D.J. Reed,ReedD.00,0,2,1,0.5,1,1,0.5,0,56.2,0,-3,4,0,0,0,0,0,2,0,0
2024_03_NE_NYJ,202409190nyj,2024,3,REG,NYJ,NE,Will McDonald,McDoWi00,0,0,0,,,,,,,,,,0,0,1,2,4,3,0,0
2024_03_NE_NYJ,202409190nyj,2024,3,REG,NYJ,NE,Jalyn Holmes,HolmJa01,0,0,0,,,,,,,,,,0,0,1,0,1,0,0,
2024_03_NE_NYJ,202409190nyj,2024,3,REG,NYJ,NE,Isaiah Oliver,OlivIs00,0,0,0,,,,,,,,,,2,0,1,0,1,0,0,
2024_03_NE_NYJ,202409190nyj,2024,3,REG,NYJ,NE,Leonard Taylor,TaylLe01,0,0,0,,,,,,,,,,0,0,0,0.5,1,2,0,0
2024_03_NE_NYJ,202409190nyj,2024,3,REG,NYJ,NE,Solomon Thomas,ThomSo00,0,0,0,,,,,,,,,,0,0,0,0.5,1,2,0,0
2024_03_NE_NYJ,202409190nyj,2024,3,REG,NYJ,NE,Micheal Clemons,ClemMi03,0,0,0,,,,,,,,,,0,0,0,0.5,1,1,0,0
2024_03_NE_NYJ,202409190nyj,2024,3,REG,NYJ,NE,Takkarist McKinley,McKiTa00,0,0,0,,,,,,,,,,0,0,0,0.5,1,2,0,0
2024_03_NE_NYJ,202409190nyj,2024,3,REG,NYJ,NE,Javon Kinlaw,KinlJa00,0,0,0,,,,,,,,,,2,0,0,1,1,1,0,0
2024_03_NE_NYJ,202409190nyj,2024,3,REG,NYJ,NE,Chazz Surratt,SurrCh00,0,0,0,,,,,,,,,,2,0,0,0,0,2,0,0
2024_03_NE_NYJ,202409190nyj,2024,3,REG,NE,NYJ,Jahlani Tavai,TavaJa00,0,8,7,0.875,75,10.7,9.4,0,105.7,2.5,20,55,2,0,0,0,0,10,1,0.091
2024_03_NE_NYJ,202409190nyj,2024,3,REG,NE,NYJ,Christian Gonzalez,GonzCh00,0,10,5,0.5,33,6.6,3.3,1,90.8,10.5,18,15,0,0,0,0,0,3,1,0.25
2024_03_NE_NYJ,202409190nyj,2024,3,REG,NE,NYJ,Jonathan Jones,JoneJo03,0,6,5,0.833,72,14.4,12,0,116.7,7,33,39,0,0,0,0,0,7,1,0.125
2024_03_NE_NYJ,202409190nyj,2024,3,REG,NE,NYJ,Marcus Jones,JoneMa06,0,4,3,0.75,46,15.3,11.5,0,112.5,4,16,30,0,0,0,0,0,3,0,0
2024_03_NE_NYJ,202409190nyj,2024,3,REG,NE,NYJ,Kyle Dugger,DuggKy00,0,4,2,0.5,26,13,6.5,0,70.8,5.5,21,5,2,0,0,0,0,3,0,0
2024_03_NE_NYJ,202409190nyj,2024,3,REG,NE,NYJ,Josh Uche,UcheJo00,0,1,1,1,2,2,2,0,79.2,0,0,2,1,0,0,1,1,5,1,0.167
2024_03_NE_NYJ,202409190nyj,2024,3,REG,NE,NYJ,Alex Austin,AustAl00,0,1,1,1,10,10,10,1,147.9,-1,-1,11,0,0,0,0,0,0,1,1
2024_03_NE_NYJ,202409190nyj,2024,3,REG,NE,NYJ,Joe Giles-Harris,GileJo01,0,1,1,1,7,7,7,0,95.8,-4,-4,11,0,0,0,0,0,2,0,0
2024_03_NE_NYJ,202409190nyj,2024,3,REG,NE,NYJ,Jabrill Peppers,PeppJa00,0,2,1,0.5,20,20,10,0,85.4,6,12,8,1,0,0,0,0,4,0,0
2024_03_NE_NYJ,202409190nyj,2024,3,REG,NE,NYJ,Raekwon McMillan,McMiRa02,0,2,1,0.5,24,24,12,0,93.7,10.5,21,3,0,0,0,0,0,10,1,0.091
2024_03_NE_NYJ,202409190nyj,2024,3,REG,NE,NYJ,Keion White,WhitKe03,0,0,0,,,,,,,,,,0,0,2,0,2,6,0,0
2024_03_NE_NYJ,202409190nyj,2024,3,REG,NE,NYJ,Deatrich Wise Jr.,WiseDe00,0,0,0,,,,,,,,,,0,0,0,1,1,3,0,0
2024_03_NE_NYJ,202409190nyj,2024,3,REG,NE,NYJ,Anfernee Jennings,JennAn00,0,0,0,,,,,,,,,,2,0,0,0,0,6,0,0
2024_03_NYG_CLE,202409220cle,2024,3,REG,CLE,NYG,Martin Emerson,EmerMa00,0,6,4,0.667,57,14.3,9.5,1,136.8,6.3,35,22,0,0,0,0,0,7,0,0
2024_03_NYG_CLE,202409220cle,2024,3,REG,CLE,NYG,Greg Newsome II,NewsGr00,0,8,4,0.5,42,10.5,5.3,0,65.6,8.9,8,34,0,0,0,0,0,3,2,0.4
2024_03_NYG_CLE,202409220cle,2024,3,REG,CLE,NYG,Denzel Ward,WardDe02,0,8,3,0.375,13,4.3,1.6,0,45.8,12.1,11,2,0,0,1,0,1,5,1,0.167
2024_03_NYG_CLE,202409220cle,2024,3,REG,CLE,NYG,Grant Delpit,DelpGr00,0,3,3,1,32,10.7,10.7,0,111.1,-3.7,-11,43,2,0,0,0,0,10,0,0
2024_03_NYG_CLE,202409220cle,2024,3,REG,CLE,NYG,Jordan Hicks,HickJo00,0,3,2,0.667,18,9,6,0,82.6,0,0,18,2,0,1,0,1,8,0,0
2024_03_NYG_CLE,202409220cle,2024,3,REG,CLE,NYG,Rodney McLeod,McLeRo00,0,4,2,0.5,22,11,5.5,1,106.2,4.5,15,7,0,0,0,0,0,3,1,0.25
2024_03_NYG_CLE,202409220cle,2024,3,REG,CLE,NYG,Jeremiah Owusu-Koramoah,OwusJe00,0,3,2,0.667,26,13,8.7,0,93.7,1.3,4,22,5,0,0,0,0,9,0,0
2024_03_NYG_CLE,202409220cle,2024,3,REG,CLE,NYG,Ronnie Hickman,HickRo00,0,2,2,1,29,14.5,14.5,0,118.7,11.5,23,6,0,0,0,0,0,5,0,0
2024_03_NYG_CLE,202409220cle,2024,3,REG,CLE,NYG,Za'Darius Smith,SmitZa00,0,1,1,1,12,12,12,0,116.7,-1,-1,13,0,0,0,1,1,4,0,0
2024_03_NYG_CLE,202409220cle,2024,3,REG,CLE,NYG,Alex Wright,WrigAl01,0,1,1,1,14,14,14,0,118.7,6,6,8,0,0,0,0,0,2,0,0
2024_03_NYG_CLE,202409220cle,2024,3,REG,CLE,NYG,Myles Garrett,GarrMy00,0,0,0,,,,,,,,,,0,1,3,0,4,1,0,0
2024_03_NYG_CLE,202409220cle,2024,3,REG,CLE,NYG,Dalvin Tomlinson,TomlDa00,0,0,0,,,,,,,,,,0,0,2,0,2,0,0,
2024_03_NYG_CLE,202409220cle,2024,3,REG,CLE,NYG,Ogbonnia Okoronkwo,OkorOg00,0,0,0,,,,,,,,,,2,0,0,1,1,3,0,0
2024_03_NYG_CLE,202409220cle,2024,3,REG,CLE,NYG,Devin Bush Jr.,BushDe01,0,0,0,,,,,,,,,,2,1,0,0,1,1,0,0
2024_03_NYG_CLE,202409220cle,2024,3,REG,CLE,NYG,Shelby Harris,HarrSh00,0,0,0,,,,,,,,,,0,0,0,0,0,6,1,0.143
2024_03_NYG_CLE,202409220cle,2024,3,REG,NYG,CLE,Deonte Banks,BankDe00,0,11,6,0.545,73,12.2,6.6,2,114.8,10.9,70,3,0,0,0,0,0,5,0,0
2024_03_NYG_CLE,202409220cle,2024,3,REG,NYG,CLE,Cordale Flott,FlotCo00,0,6,5,0.833,38,7.6,6.3,0,93.1,6.3,20,18,0,0,0,0,0,9,1,0.1
2024_03_NYG_CLE,202409220cle,2024,3,REG,NYG,CLE,Isaiah Simmons,SimmIs00,0,5,4,0.8,47,11.8,9.4,0,105.8,1.8,6,41,4,0,0,0,0,4,0,0
2024_03_NYG_CLE,202409220cle,2024,3,REG,NYG,CLE,Micah McFadden,McFaMi01,0,2,2,1,7,3.5,3.5,0,81.2,3.5,7,0,10,0,2,0.5,3,6,1,0.143
2024_03_NYG_CLE,202409220cle,2024,3,REG,NYG,CLE,Bobby Okereke,OkerBo00,0,7,2,0.286,27,13.5,3.9,0,43.2,5.1,19,8,4,0,0,0.5,1,8,0,0
2024_03_NYG_CLE,202409220cle,2024,3,REG,NYG,CLE,Dane Belton,BeltDa00,0,1,1,1,13,13,13,0,118.7,6,6,7,0,0,0,0,0,2,0,0
2024_03_NYG_CLE,202409220cle,2024,3,REG,NYG,CLE,Andru Phillips,PhilAn02,0,1,1,1,3,3,3,0,79.2,3,3,0,1,0,0,0,0,1,0,0
2024_03_NYG_CLE,202409220cle,2024,3,REG,NYG,CLE,Dexter Lawrence,LawrDe03,0,0,0,,,,,,,,,,0,0,2,2,4,3,0,0
2024_03_NYG_CLE,202409220cle,2024,3,REG,NYG,CLE,Kayvon Thibodeaux,ThibKa00,0,0,0,,,,,,,,,,3,0,1,0.5,2,3,0,0
2024_03_NYG_CLE,202409220cle,2024,3,REG,NYG,CLE,Azeez Ojulari,OjulAz00,0,0,0,,,,,,,,,,1,0,0,1,2,2,0,0
2024_03_NYG_CLE,202409220cle,2024,3,REG,NYG,CLE,Brian Burns,BurnBr00,0,1,0,0,,,0,,39.6,11,,,5,0,1,1,2,3,0,0
2024_03_NYG_CLE,202409220cle,2024,3,REG,NYG,CLE,Jason Pinnock,PinnJa01,0,2,0,0,9,,4.5,0,45.8,3.5,7,2,3,0,0,1,1,7,1,0.125
2024_03_NYG_CLE,202409220cle,2024,3,REG,NYG,CLE,Elijah Chatman,ChatEl00,0,0,0,,,,,,,,,,0,0,0,1,1,3,0,0
2024_03_NYG_CLE,202409220cle,2024,3,REG,NYG,CLE,Rakeem Nunez-Roches,NuneRa00,0,0,0,,,,,,,,,,0,0,0,0.5,1,5,1,0.167
2024_03_NYG_CLE,202409220cle,2024,3,REG,NYG,CLE,Art Green,GreeAr01,0,1,0,0,,,0,,39.6,17,,,0,0,0,0,0,1,0,0
2024_03_NYG_CLE,202409220cle,2024,3,REG,NYG,CLE,Darius Muasau,MuasDa00,0,0,0,,,,,,,,,,0,0,0,0,0,0,1,1
2024_03_NYG_CLE,202409220cle,2024,3,REG,NYG,CLE,Tyler Nubin,NubiTy00,0,3,0,0,,,0,,39.6,11.7,,,0,0,0,0,0,2,0,0
2024_03_CHI_IND,202409220clt,2024,3,REG,IND,CHI,Zaire Franklin,FranZa00,0,8,6,0.75,53,8.8,6.6,0,92.2,5.6,34,19,3,1,0,0,1,15,1,0.063
2024_03_CHI_IND,202409220clt,2024,3,REG,IND,CHI,Nick Cross,CrosNi00,0,9,6,0.667,86,14.3,9.6,1,134.5,8.7,71,15,0,0,0,0,0,10,0,0
2024_03_CHI_IND,202409220clt,2024,3,REG,IND,CHI,Jaylon Jones,JoneJa13,2,11,5,0.455,37,7.4,3.4,0,14.4,5.2,15,22,0,0,0,0,0,5,1,0.167
2024_03_CHI_IND,202409220clt,2024,3,REG,IND,CHI,Kenny Moore,MoorKe03,0,9,4,0.444,10,2.5,1.1,1,88.7,13,-1,11,1,1,0,0.5,2,8,1,0.111
2024_03_CHI_IND,202409220clt,2024,3,REG,IND,CHI,Dallis Flowers,FlowDa00,0,4,4,1,33,8.3,8.3,0,101,6,24,9,0,0,0,0,0,5,1,0.167
2024_03_CHI_IND,202409220clt,2024,3,REG,IND,CHI,E.J. Speed,SpeeEJ00,0,5,4,0.8,74,18.5,14.8,0,118.7,8.8,44,30,1,0,0,0,0,12,0,0
2024_03_CHI_IND,202409220clt,2024,3,REG,IND,CHI,Julian Blackmon,BlacJu01,0,3,2,0.667,62,31,20.7,0,109.7,29,51,11,0,0,0,0,0,7,1,0.125
2024_03_CHI_IND,202409220clt,2024,3,REG,IND,CHI,Chris Lammons,LammCh00,0,1,1,1,8,8,8,0,100,5,5,3,0,0,0,0,0,3,0,0
2024_03_CHI_IND,202409220clt,2024,3,REG,IND,CHI,Kwity Paye,PayeKw00,0,0,0,,,,,,,,,,0,2,1,0.5,4,5,0,0
2024_03_CHI_IND,202409220clt,2024,3,REG,IND,CHI,Laiatu Latu,LatuLa00,0,0,0,,,,,,,,,,0,2,0,1,3,1,0,0
2024_03_CHI_IND,202409220clt,2024,3,REG,IND,CHI,Tyquan Lewis,LewiTy00,0,0,0,,,,,,,,,,0,2,0,0,2,4,0,0
2024_03_CHI_IND,202409220clt,2024,3,REG,IND,CHI,Taven Bryan,BryaTa00,0,0,0,,,,,,,,,,0,0,0,1,1,1,0,0
2024_03_CHI_IND,202409220clt,2024,3,REG,IND,CHI,Adetomiwa Adebawore,AdebAd00,0,0,0,,,,,,,,,,0,0,0,1,1,2,0,0
2024_03_CHI_IND,202409220clt,2024,3,REG,IND,CHI,Jaylon Carlies,CarlJa01,0,0,0,,,,,,,,,,1,0,0,0,0,1,0,0
2024_03_CHI_IND,202409220clt,2024,3,REG,CHI,IND,Tyrique Stevenson,StevTy01,0,3,3,1,29,9.7,9.7,0,106.9,4.7,14,15,0,0,0,0,0,6,1,0.143
2024_03_CHI_IND,202409220clt,2024,3,REG,CHI,IND,Jaylon Johnson,JohnJa13,1,3,2,0.667,46,23,15.3,0,70.1,19.7,35,11,0,0,0,0,0,2,1,0.333
2024_03_CHI_IND,202409220clt,2024,3,REG,CHI,IND,Kyler Gordon,GordKy00,0,4,2,0.5,38,19,9.5,0,83.3,1.3,-6,44,1,0,0,0,0,4,1,0.2
2024_03_CHI_IND,202409220clt,2024,3,REG,CHI,IND,Jaquan Brisker,BrisJa01,0,2,1,0.5,40,40,20,0,95.8,9.5,16,24,0,0,0,0,0,6,0,0
2024_03_CHI_IND,202409220clt,2024,3,REG,CHI,IND,T.J. Edwards,EdwaTJ02,0,3,1,0.333,7,7,2.3,0,42.4,7.3,5,2,0,0,0,0,0,2,1,0.333
2024_03_CHI_IND,202409220clt,2024,3,REG,CHI,IND,Montez Sweat,SweaMo00,0,0,0,,,,,,,,,,0,1,0,1,2,4,0,0
2024_03_CHI_IND,202409220clt,2024,3,REG,CHI,IND,Gervon Dexter,DextGe00,0,0,0,,,,,,,,,,0,1,1,0,2,5,0,0
2024_03_CHI_IND,202409220clt,2024,3,REG,CHI,IND,DeMarcus Walker,WalkDe03,0,0,0,,,,,,,,,,0,1,0,0,1,7,0,0
2024_03_CHI_IND,202409220clt,2024,3,REG,CHI,IND,Jack Sanborn,SanbJa00,0,0,0,,,,,,,,,,1,1,0,0,1,2,0,0
2024_03_CHI_IND,202409220clt,2024,3,REG,CHI,IND,Tremaine Edmunds,EdmuTr01,1,2,0,0,7,,3.5,0,2.1,-2.5,5,2,1,0,1,0,1,5,1,0.167
2024_03_CHI_IND,202409220clt,2024,3,REG,CHI,IND,Kevin Byard,ByarKe01,0,2,0,0,,,0,,39.6,31.5,,,0,0,0,0,0,6,1,0.143
2024_03_HOU_MIN,202409220min,2024,3,REG,MIN,HOU,Byron Murphy,MurpBy00,0,12,8,0.667,131,16.4,10.9,1,130.9,12.2,89,42,0,0,0,0,0,4,2,0.333
2024_03_HOU_MIN,202409220min,2024,3,REG,MIN,HOU,Stephon Gilmore,GilmSt00,0,5,4,0.8,18,4.5,3.6,0,81.7,5.6,1,17,0,0,0,0,0,4,1,0.2
2024_03_HOU_MIN,202409220min,2024,3,REG,MIN,HOU,Josh Metellus,MeteJo00,0,4,4,1,29,7.3,7.3,0,96.9,4.8,19,10,5,0,0,0,0,5,0,0
2024_03_HOU_MIN,202409220min,2024,3,REG,MIN,HOU,Harrison Smith,SmitHa00,0,5,4,0.8,68,17,13.6,0,118.7,6.4,41,27,6,0,0,0,0,6,0,0
2024_03_HOU_MIN,202409220min,2024,3,REG,MIN,HOU,Camryn Bynum,BynuCa00,1,5,3,0.6,48,16,9.6,0,52.5,11.8,33,15,0,0,0,0,0,6,1,0.143
2024_03_HOU_MIN,202409220min,2024,3,REG,MIN,HOU,Jonathan Greenard,GreeJo04,0,2,2,1,18,9,9,0,104.2,-1,-2,20,29,0,0,3,3,4,1,0.2
2024_03_HOU_MIN,202409220min,2024,3,REG,MIN,HOU,Shaquill Griffin,GrifSh00,0,6,2,0.333,28,14,4.7,0,49.3,3.3,0,28,0,0,0,0,0,3,0,0
2024_03_HOU_MIN,202409220min,2024,3,REG,MIN,HOU,Kamu Grugier-Hill,GrugKa00,1,5,2,0.4,8,4,1.6,0,8.3,6.6,-2,10,2,0,0,0,0,3,1,0.25
2024_03_HOU_MIN,202409220min,2024,3,REG,MIN,HOU,Andrew Van Ginkel,VanGAn00,0,1,1,1,9,9,9,0,104.2,-2,-2,11,18,1,0,1,2,6,1,0.143
2024_03_HOU_MIN,202409220min,2024,3,REG,MIN,HOU,Blake Cashman,CashBl00,0,3,1,0.333,15,15,5,0,50.7,5,-2,17,10,1,0,0,1,4,0,0
2024_03_HOU_MIN,202409220min,2024,3,REG,MIN,HOU,Brian Asamoah,AsamBr00,0,1,1,1,9,9,9,0,104.2,3,3,6,7,0,0,0,0,1,0,0
2024_03_HOU_MIN,202409220min,2024,3,REG,MIN,HOU,Jihad Ward,WardJi02,0,0,0,,,,,,,,,,30,2,0,0,2,0,0,
2024_03_HOU_MIN,202409220min,2024,3,REG,MIN,HOU,Jerry Tillery,TillJe00,0,0,0,,,,,,,,,,0,0,1,0,1,0,0,
2024_03_HOU_MIN,202409220min,2024,3,REG,MIN,HOU,Jalen Redmond,RedmJa01,0,0,0,,,,,,,,,,0,0,0,1,1,1,0,0
2024_03_HOU_MIN,202409220min,2024,3,REG,MIN,HOU,Harrison Phillips,PhilHa00,0,0,0,,,,,,,,,,0,1,0,0,1,1,1,0.5
2024_03_HOU_MIN,202409220min,2024,3,REG,MIN,HOU,Jay Ward,WardJa00,0,0,0,,,,,,,,,,4,0,1,0,1,1,0,0
2024_03_HOU_MIN,202409220min,2024,3,REG,MIN,HOU,Patrick Jones II,JonePa00,0,0,0,,,,,,,,,,20,0,1,0,1,2,0,0
2024_03_HOU_MIN,202409220min,2024,3,REG,MIN,HOU,Theo Jackson,JackTh00,0,0,0,,,,,,,,,,2,0,0,0,0,2,0,0
2024_03_HOU_MIN,202409220min,2024,3,REG,HOU,MIN,Henry To'oTo'o,TooTHe00,0,5,4,0.8,33,8.3,6.6,2,133.7,5.4,28,5,1,0,0,0,0,5,2,0.286
2024_03_HOU_MIN,202409220min,2024,3,REG,HOU,MIN,Derek Stingley Jr.,StinDe00,0,4,3,0.75,42,14,10.5,0,108.3,17,37,5,0,0,0,0,0,1,1,0.5
2024_03_HOU_MIN,202409220min,2024,3,REG,HOU,MIN,Jalen Pitre,PitrJa00,0,5,3,0.6,30,10,6,0,77.1,7,23,7,4,0,0,0,0,8,0,0
2024_03_HOU_MIN,202409220min,2024,3,REG,HOU,MIN,Eric Murray,MurrEr00,0,4,2,0.5,11,5.5,2.8,1,95.8,4.5,11,0,1,0,0,0,0,1,0,0
2024_03_HOU_MIN,202409220min,2024,3,REG,HOU,MIN,Jimmie Ward,WardJi01,0,3,2,0.667,24,12,8,1,130.6,5,1,23,0,0,0,0,0,5,0,0
2024_03_HOU_MIN,202409220min,2024,3,REG,HOU,MIN,Azeez Al-Shaair,AlShAz00,0,1,1,1,9,9,9,0,104.2,-5,-5,14,3,0,1,0,1,10,0,0
2024_03_HOU_MIN,202409220min,2024,3,REG,HOU,MIN,Calen Bullock,BullCa00,0,2,1,0.5,2,2,1,1,95.8,16.5,2,0,0,0,0,0,0,3,0,0
2024_03_HOU_MIN,202409220min,2024,3,REG,HOU,MIN,Kamari Lassiter,LassKa00,0,2,1,0.5,28,28,14,0,95.8,12.5,20,8,1,0,0,0,0,4,1,0.2
2024_03_HOU_MIN,202409220min,2024,3,REG,HOU,MIN,Folorunso Fatukasi,FatuFo00,0,1,1,1,4,4,4,0,83.3,-1,-1,5,0,0,0,0,0,3,0,0
2024_03_HOU_MIN,202409220min,2024,3,REG,HOU,MIN,Will Anderson,AndeWi01,0,0,0,,,,,,,,,,0,2,0,1,3,2,1,0.333
2024_03_HOU_MIN,202409220min,2024,3,REG,HOU,MIN,Danielle Hunter,HuntDa01,0,0,0,,,,,,,,,,0,1,2,0,3,2,1,0.333
2024_03_HOU_MIN,202409220min,2024,3,REG,HOU,MIN,Mario Edwards,EdwaMa01,0,0,0,,,,,,,,,,0,2,0,0,2,1,2,0.667
2024_03_HOU_MIN,202409220min,2024,3,REG,HOU,MIN,Tim Settle,SettTi00,0,0,0,,,,,,,,,,0,0,0,2,2,3,0,0
2024_03_HOU_MIN,202409220min,2024,3,REG,HOU,MIN,Derek Barnett,BarnDe01,0,0,0,,,,,,,,,,0,0,0,1,1,3,0,0
2024_03_HOU_MIN,202409220min,2024,3,REG,HOU,MIN,Khalil Davis,DaviKh00,0,0,0,,,,,,,,,,0,0,0,0,0,1,1,0.5
2024_03_PHI_NO,202409220nor,2024,3,REG,NO,PHI,Paulson Adebo,AdebPa00,0,10,9,0.9,45,5,4.5,0,85.4,3.4,11,34,0,0,0,0,0,10,0,0
2024_03_PHI_NO,202409220nor,2024,3,REG,NO,PHI,Alontae Taylor,TaylAl01,0,6,5,0.833,27,5.4,4.5,0,85.4,4.3,7,20,2,0,0,0.5,1,4,1,0.2
2024_03_PHI_NO,202409220nor,2024,3,REG,NO,PHI,Tyrann Mathieu,MathTy00,1,6,5,0.833,88,17.6,14.7,0,79.2,9.8,44,44,3,0,0,0,0,7,2,0.222
2024_03_PHI_NO,202409220nor,2024,3,REG,NO,PHI,Will Harris,HarrWi02,0,5,4,0.8,100,25,20,0,118.7,7.8,35,65,4,0,0,0,0,6,1,0.143
2024_03_PHI_NO,202409220nor,2024,3,REG,NO,PHI,Pete Werner,WernPe00,0,4,3,0.75,14,4.7,3.5,0,79.2,5.3,3,11,5,0,0,0,0,5,0,0
2024_03_PHI_NO,202409220nor,2024,3,REG,NO,PHI,Demario Davis,DaviDe00,0,2,2,1,35,17.5,17.5,0,118.7,8,16,19,2,0,0,0,0,6,0,0
2024_03_PHI_NO,202409220nor,2024,3,REG,NO,PHI,Willie Gay Jr.,GayJWi00,0,1,1,1,2,2,2,0,79.2,-5,-5,7,2,0,0,0,0,4,0,0
2024_03_PHI_NO,202409220nor,2024,3,REG,NO,PHI,Carl Granderson,GranCa01,0,0,0,,,,,,,,,,0,2,1,1.5,5,5,0,0
2024_03_PHI_NO,202409220nor,2024,3,REG,NO,PHI,Chase Young,YounCh04,0,0,0,,,,,,,,,,0,0,3,0,3,4,0,0
2024_03_PHI_NO,202409220nor,2024,3,REG,NO,PHI,Bryan Bresee,BresBr00,0,0,0,,,,,,,,,,0,0,0,2,2,2,0,0
2024_03_PHI_NO,202409220nor,2024,3,REG,NO,PHI,Cameron Jordan,JordCa00,0,0,0,,,,,,,,,,0,1,0,0,1,0,0,
2024_03_PHI_NO,202409220nor,2024,3,REG,NO,PHI,Nathan Shepherd,ShepNa00,0,0,0,,,,,,,,,,0,1,0,0,1,3,0,0
2024_03_PHI_NO,202409220nor,2024,3,REG,NO,PHI,Marshon Lattimore,LattMa01,0,2,0,0,,,0,,39.6,33.5,,,0,0,0,0,0,2,0,0
2024_03_PHI_NO,202409220nor,2024,3,REG,PHI,NO,Nakobe Dean,DeanNa00,0,5,5,1,22,4.4,4.4,0,85,-2.4,-12,34,2,0,0,0,0,8,0,0
2024_03_PHI_NO,202409220nor,2024,3,REG,PHI,NO,Zack Baun,BaunZa00,0,4,3,0.75,40,13.3,10,0,106.2,6,34,6,2,0,0,0,0,13,0,0
2024_03_PHI_NO,202409220nor,2024,3,REG,PHI,NO,Quinyon Mitchell,MitcQu00,0,4,2,0.5,23,11.5,5.8,0,67.7,16.5,23,0,0,0,0,0,0,4,0,0
2024_03_PHI_NO,202409220nor,2024,3,REG,PHI,NO,Darius Slay,SlayDa00,0,3,1,0.333,9,9,3,0,42.4,7.3,8,1,0,0,0,0,0,2,0,0
2024_03_PHI_NO,202409220nor,2024,3,REG,PHI,NO,Kelee Ringo,RingKe00,0,1,1,1,29,29,29,0,118.7,25,25,4,1,0,0,0,0,1,0,0
2024_03_PHI_NO,202409220nor,2024,3,REG,PHI,NO,C.J. Gardner-Johnson,GardCh00,0,2,1,0.5,13,13,6.5,1,110.4,15,13,0,0,0,0,0,0,8,0,0
2024_03_PHI_NO,202409220nor,2024,3,REG,PHI,NO,Avonte Maddox,MaddAv00,0,3,1,0.333,6,6,2,0,42.4,9.3,1,5,0,0,0,0,0,1,0,0
2024_03_PHI_NO,202409220nor,2024,3,REG,PHI,NO,Josh Sweat,SweaJo00,0,0,0,,,,,,,,,,0,1,1,0,2,2,0,0
2024_03_PHI_NO,202409220nor,2024,3,REG,PHI,NO,Jalen Carter,CartJa05,0,0,0,,,,,,,,,,0,1,1,0,2,4,0,0
2024_03_PHI_NO,202409220nor,2024,3,REG,PHI,NO,Jordan Davis,DaviJo03,0,0,0,,,,,,,,,,0,0,0,1,1,4,0,0
2024_03_PHI_NO,202409220nor,2024,3,REG,PHI,NO,Brandon Graham,GrahBr99,0,0,0,,,,,,,,,,0,0,1,0,1,2,0,0
2024_03_PHI_NO,202409220nor,2024,3,REG,PHI,NO,Bryce Huff,HuffBr00,0,0,0,,,,,,,,,,0,0,0,0,0,0,1,1
2024_03_PHI_NO,202409220nor,2024,3,REG,PHI,NO,Reed Blankenship,BlanRe00,1,1,0,0,,,0,,0,-2,,,0,0,0,0,0,2,0,0
2024_03_LAC_PIT,202409220pit,2024,3,REG,PIT,LAC,Patrick Queen,QueePa00,0,5,5,1,43,8.6,8.6,0,102.5,4.6,23,20,2,0,0,0,0,8,0,0
2024_03_LAC_PIT,202409220pit,2024,3,REG,PIT,LAC,Donte Jackson,JackDo02,0,5,3,0.6,37,12.3,7.4,0,82.9,9,22,15,0,0,0,0,0,5,1,0.167
2024_03_LAC_PIT,202409220pit,2024,3,REG,PIT,LAC,Beanie Bishop,BishBe00,0,3,2,0.667,25,12.5,8.3,0,92.4,5.3,13,12,1,0,0,0,0,2,0,0
2024_03_LAC_PIT,202409220pit,2024,3,REG,PIT,LAC,Minkah Fitzpatrick,FitzMi00,0,3,2,0.667,30,15,10,1,138.9,12.3,19,11,0,0,0,0,0,2,0,0
2024_03_LAC_PIT,202409220pit,2024,3,REG,PIT,LAC,DeShon Elliott,ElliDe02,0,2,2,1,14,7,7,0,95.8,3,6,8,1,0,0,0,0,5,0,0
2024_03_LAC_PIT,202409220pit,2024,3,REG,PIT,LAC,Joey Porter Jr.,PortJo02,0,1,1,1,17,17,17,0,118.7,6,6,11,0,0,0,0,0,4,0,0
2024_03_LAC_PIT,202409220pit,2024,3,REG,PIT,LAC,Nick Herbig,HerbNi00,0,0,0,,,,,,,,,,1,0,0,2,2,3,0,0
2024_03_LAC_PIT,202409220pit,2024,3,REG,PIT,LAC,T.J. Watt,WattT.00,0,0,0,,,,,,,,,,0,0,1,1,2,3,0,0
2024_03_LAC_PIT,202409220pit,2024,3,REG,PIT,LAC,Cameron Heyward,HeywCa01,0,0,0,,,,,,,,,,0,0,0,1,1,4,0,0
2024_03_LAC_PIT,202409220pit,2024,3,REG,PIT,LAC,Elandon Roberts,RobeEl00,0,0,0,,,,,,,,,,3,0,0,1,1,4,0,0
2024_03_LAC_PIT,202409220pit,2024,3,REG,PIT,LAC,Keeanu Benton,BentKe00,0,0,0,,,,,,,,,,0,0,1,0,1,1,0,0
2024_03_LAC_PIT,202409220pit,2024,3,REG,PIT,LAC,DeMarvin Leal,LealDe00,0,0,0,,,,,,,,,,2,0,0,0,0,1,0,0
2024_03_LAC_PIT,202409220pit,2024,3,REG,PIT,LAC,Damontae Kazee,KazeDa00,0,1,0,0,,,0,,39.6,4,,,0,0,0,0,0,0,0,
2024_03_LAC_PIT,202409220pit,2024,3,REG,PIT,LAC,Alex Highsmith,HighAl02,0,0,0,,,,,,,,,,2,0,0,0,0,1,0,0
2024_03_LAC_PIT,202409220pit,2024,3,REG,LAC,PIT,Daiyan Henley,HenlDa00,0,10,9,0.9,39,4.3,3.9,0,82.9,2.1,14,25,2,0,0,0,0,12,2,0.143
2024_03_LAC_PIT,202409220pit,2024,3,REG,LAC,PIT,Kristian Fulton,FultKr00,0,5,4,0.8,16,4,3.2,0,80,6.4,12,4,0,0,0,0,0,7,0,0
2024_03_LAC_PIT,202409220pit,2024,3,REG,LAC,PIT,Alohi Gilman,GilmAl00,0,5,4,0.8,78,19.5,15.6,1,158.3,6.6,22,56,0,0,0,0,0,6,1,0.143
2024_03_LAC_PIT,202409220pit,2024,3,REG,LAC,PIT,Ja'Sir Taylor,TaylJa04,0,2,2,1,32,16,16,0,118.7,13.5,27,5,0,0,0,0,0,3,0,0
2024_03_LAC_PIT,202409220pit,2024,3,REG,LAC,PIT,Asante Samuel Jr.,SamuAs00,0,4,2,0.5,34,17,8.5,0,79.2,8.3,15,19,0,0,0,0,0,2,1,0.333
2024_03_LAC_PIT,202409220pit,2024,3,REG,LAC,PIT,Elijah Molden,MoldEl00,0,2,2,1,60,30,30,1,158.3,4.5,9,51,0,0,0,0,0,2,0,0
2024_03_LAC_PIT,202409220pit,2024,3,REG,LAC,PIT,Khalil Mack,MackKh00,0,1,1,1,2,2,2,0,79.2,2,2,0,0,0,1,1,2,5,1,0.167
2024_03_LAC_PIT,202409220pit,2024,3,REG,LAC,PIT,Tuli Tuipulotu,TuipTu00,0,1,1,1,25,25,25,0,118.7,10,10,15,0,0,0,0,0,4,1,0.2
2024_03_LAC_PIT,202409220pit,2024,3,REG,LAC,PIT,Troy Dye,DyexTr00,0,1,1,1,8,8,8,0,100,2,2,6,1,0,0,0,0,1,0,0
2024_03_LAC_PIT,202409220pit,2024,3,REG,LAC,PIT,Denzel Perryman,PerrDe00,0,1,1,1,11,11,11,0,112.5,7,7,4,2,0,0,0,0,9,1,0.1
2024_03_LAC_PIT,202409220pit,2024,3,REG,LAC,PIT,Poona Ford,FordPo00,0,0,0,,,,,,,,,,0,0,1,0,1,4,0,0
2024_03_LAC_PIT,202409220pit,2024,3,REG,LAC,PIT,Morgan Fox,FoxxMo00,0,0,0,,,,,,,,,,0,0,1,0,1,4,0,0
2024_03_LAC_PIT,202409220pit,2024,3,REG,LAC,PIT,Derwin James,JameDe00,0,1,0,0,,,0,,39.6,15,,,7,0,0,1,1,8,0,0
2024_03_DEN_TB,202409220tam,2024,3,REG,TB,DEN,Jamel Dean,DeanJa00,0,11,9,0.818,90,10,8.2,0,100.8,8.9,75,15,0,0,0,0,0,13,1,0.071
2024_03_DEN_TB,202409220tam,2024,3,REG,TB,DEN,Christian Izien,IzieCh00,0,3,3,1,13,4.3,4.3,0,84.7,3.7,11,2,3,0,0,0,0,8,0,0
2024_03_DEN_TB,202409220tam,2024,3,REG,TB,DEN,Tykee Smith,SmitTy05,0,4,3,0.75,17,5.7,4.3,0,82.3,3.5,-4,21,4,0,0,0,0,6,0,0
2024_03_DEN_TB,202409220tam,2024,3,REG,TB,DEN,Lavonte David,DaviLa00,0,3,3,1,23,7.7,7.7,0,98.6,-1.7,-5,28,5,0,0,0,0,8,0,0
2024_03_DEN_TB,202409220tam,2024,3,REG,TB,DEN,SirVocea Dennis,DennSi00,0,2,2,1,25,12.5,12.5,0,118.7,5,10,15,3,0,0,0,0,4,1,0.2
2024_03_DEN_TB,202409220tam,2024,3,REG,TB,DEN,YaYa Diaby,DiabYa00,0,1,1,1,6,6,6,0,91.7,2,2,4,3,4,0,0,4,2,1,0.333
2024_03_DEN_TB,202409220tam,2024,3,REG,TB,DEN,Zyon McCollum,McCoZy02,0,7,1,0.143,32,32,4.6,0,46.1,12.7,23,9,1,1,0,0,1,6,0,0
2024_03_DEN_TB,202409220tam,2024,3,REG,TB,DEN,Jordan Whitehead,WhitJo03,0,1,1,1,2,2,2,0,79.2,0,0,2,3,0,0,0,0,6,1,0.143
2024_03_DEN_TB,202409220tam,2024,3,REG,TB,DEN,K.J. Britt,BritKJ00,0,2,1,0.5,8,8,4,0,60.4,12,5,3,3,0,0,0,0,6,1,0.143
2024_03_DEN_TB,202409220tam,2024,3,REG,TB,DEN,Chris Braswell,BrasCh01,0,0,0,,,,,,,,,,0,0,2,0,2,1,0,0
2024_03_DEN_TB,202409220tam,2024,3,REG,TB,DEN,Joe Tryon-Shoyinka,TryoJo00,0,0,0,,,,,,,,,,3,1,0,0,1,1,0,0
2024_03_DEN_TB,202409220tam,2024,3,REG,TB,DEN,Anthony Nelson,NelsAn01,0,0,0,,,,,,,,,,0,0,0,0,0,1,2,0.667
2024_03_DEN_TB,202409220tam,2024,3,REG,TB,DEN,C.J. Brewer,BrewCJ00,0,0,0,,,,,,,,,,0,0,0,0,0,2,2,0.5
2024_03_DEN_TB,202409220tam,2024,3,REG,DEN,TB,Ja'Quan McMillian,McMiJa00,0,9,7,0.778,41,5.9,4.6,0,85.6,4.2,17,24,2,1,0,0,1,9,2,0.182
2024_03_DEN_TB,202409220tam,2024,3,REG,DEN,TB,P.J. Locke,LockPJ00,0,5,5,1,36,7.2,7.2,0,96.7,4.4,22,14,1,0,0,0,0,5,2,0.286
2024_03_DEN_TB,202409220tam,2024,3,REG,DEN,TB,Riley Moss,MossRi00,0,6,4,0.667,29,7.3,4.8,1,117.4,4.2,5,24,0,0,0,0,0,6,0,0
2024_03_DEN_TB,202409220tam,2024,3,REG,DEN,TB,Brandon Jones,JoneBr06,1,5,4,0.8,21,5.3,4.2,0,44.6,1.8,3,18,2,0,0,0,0,6,0,0
2024_03_DEN_TB,202409220tam,2024,3,REG,DEN,TB,Alex Singleton,SingAl00,0,4,3,0.75,20,6.7,5,0,85.4,2,-5,25,3,0,0,0,0,10,1,0.091
2024_03_DEN_TB,202409220tam,2024,3,REG,DEN,TB,Cody Barton,BartCo00,0,2,2,1,16,8,8,0,100,6,12,4,4,1,0,0,1,4,0,0
2024_03_DEN_TB,202409220tam,2024,3,REG,DEN,TB,Zach Allen,AlleZa01,0,0,0,,,,,,,,,,0,1,1,1,3,3,0,0
2024_03_DEN_TB,202409220tam,2024,3,REG,DEN,TB,Nik Bonitto,BoniNi00,0,0,0,,,,,,,,,,3,2,0,1,3,2,0,0
2024_03_DEN_TB,202409220tam,2024,3,REG,DEN,TB,Dondrea Tillman,TillDo00,0,0,0,,,,,,,,,,4,0,1,2,3,3,1,0.25
2024_03_DEN_TB,202409220tam,2024,3,REG,DEN,TB,Jonathon Cooper,CoopJo02,0,0,0,,,,,,,,,,3,0,0,1,1,3,0,0
2024_03_DEN_TB,202409220tam,2024,3,REG,DEN,TB,Devon Key,KeyxDe00,0,0,0,,,,,,,,,,0,0,0,1,1,2,0,0
2024_03_DEN_TB,202409220tam,2024,3,REG,DEN,TB,D.J. Jones,JoneD.01,0,0,0,,,,,,,,,,0,1,0,0,1,1,0,0
2024_03_DEN_TB,202409220tam,2024,3,REG,DEN,TB,John Franklin-Myers,FranJo02,0,0,0,,,,,,,,,,0,0,0,1,1,2,0,0
2024_03_DEN_TB,202409220tam,2024,3,REG,DEN,TB,Jonah Elliss,ElliJo03,0,0,0,,,,,,,,,,4,0,0,0,0,2,0,0
2024_03_DEN_TB,202409220tam,2024,3,REG,DEN,TB,Levi Wallace,WallLe00,0,0,0,,,,,,,,,,1,0,0,0,0,0,0,
2024_03_GB_TEN,202409220oti,2024,3,REG,TEN,GB,Kenneth Murray,MurrKe00,0,4,3,0.75,36,12,9,0,102.1,3.3,9,27,3,0,0,2,2,8,0,0
2024_03_GB_TEN,202409220oti,2024,3,REG,TEN,GB,Jamal Adams,AdamJa00,0,2,2,1,26,13,13,0,118.7,-2,-4,30,0,0,0,0,0,3,1,0.25
2024_03_GB_TEN,202409220oti,2024,3,REG,TEN,GB,L'Jarius Sneed,SneeLJ00,0,3,2,0.667,42,21,14,0,109.7,5.7,19,23,0,0,0,0,0,5,2,0.286
2024_03_GB_TEN,202409220oti,2024,3,REG,TEN,GB,Quandre Diggs,DiggQu00,0,3,2,0.667,36,18,12,1,147.2,12.3,-1,37,1,0,0,0,0,8,0,0
2024_03_GB_TEN,202409220oti,2024,3,REG,TEN,GB,Roger McCreary,McCrRo01,0,3,2,0.667,35,17.5,11.7,0,106.2,16.3,23,12,1,0,0,0,0,2,2,0.5
2024_03_GB_TEN,202409220oti,2024,3,REG,TEN,GB,Jarvis Brownlee,BrowJa09,0,2,1,0.5,18,18,9,0,81.2,5.5,16,2,0,0,0,0,0,2,2,0.5
2024_03_GB_TEN,202409220oti,2024,3,REG,TEN,GB,Arden Key,KeyxAr00,0,1,1,1,9,9,9,0,104.2,-5,-5,14,1,0,0,0,0,3,1,0.25
2024_03_GB_TEN,202409220oti,2024,3,REG,TEN,GB,Jeffery Simmons,SimmJe01,0,0,0,,,,,,,,,,0,0,0,1,1,4,1,0.2
2024_03_GB_TEN,202409220oti,2024,3,REG,TEN,GB,Harold Landry,LandHa00,0,0,0,,,,,,,,,,3,0,0,0,0,4,1,0.2
2024_03_GB_TEN,202409220oti,2024,3,REG,TEN,GB,Sebastian Joseph-Day,JoseSe00,0,0,0,,,,,,,,,,0,0,0,0,0,1,1,0.5
2024_03_GB_TEN,202409220oti,2024,3,REG,TEN,GB,Chidobe Awuzie,AwuzCh00,0,1,0,0,,,0,,39.6,16,,,0,0,0,0,0,1,0,0
2024_03_GB_TEN,202409220oti,2024,3,REG,TEN,GB,Ernest Jones,JoneEr01,0,0,0,,,,,,,,,,0,0,0,0,0,13,1,0.071
2024_03_GB_TEN,202409220oti,2024,3,REG,GB,TEN,Isaiah McDuffie,McDuIs00,0,6,6,1,34,5.7,5.7,1,129.9,0.2,1,33,0,0,0,0.5,1,9,2,0.182
2024_03_GB_TEN,202409220oti,2024,3,REG,GB,TEN,Jaire Alexander,AlexJa00,1,8,6,0.75,65,10.8,8.1,0,58.9,6.3,41,24,0,0,0,0,0,5,0,0
2024_03_GB_TEN,202409220oti,2024,3,REG,GB,TEN,Eric Stokes,StokEr00,0,8,6,0.75,45,7.5,5.6,1,127.6,11.8,39,6,0,0,0,0,0,5,1,0.167
2024_03_GB_TEN,202409220oti,2024,3,REG,GB,TEN,Kingsley Enagbare,EnagKi00,0,2,2,1,14,7,7,0,95.8,-0.5,-1,15,0,0,0,1.5,2,4,2,0.333
2024_03_GB_TEN,202409220oti,2024,3,REG,GB,TEN,Eric Wilson,WilsEr00,0,2,2,1,31,15.5,15.5,0,118.7,9.5,19,12,0,0,0,0,0,3,0,0
2024_03_GB_TEN,202409220oti,2024,3,REG,GB,TEN,Xavier McKinney,McKiXa00,1,4,2,0.5,35,17.5,8.8,0,40.6,17.5,25,10,3,0,0,0,0,5,1,0.167
2024_03_GB_TEN,202409220oti,2024,3,REG,GB,TEN,Quay Walker,WalkQu00,0,2,1,0.5,7,7,3.5,0,58.3,5,6,1,1,0,0,0.5,1,6,1,0.143
2024_03_GB_TEN,202409220oti,2024,3,REG,GB,TEN,Devonte Wyatt,WyatDe00,0,0,0,,,,,,,,,,0,0,1,2,3,4,2,0.333
2024_03_GB_TEN,202409220oti,2024,3,REG,GB,TEN,Preston Smith,SmitPr00,0,0,0,,,,,,,,,,0,0,0,2,2,3,0,0
2024_03_GB_TEN,202409220oti,2024,3,REG,GB,TEN,Karl Brooks,BrooKa00,0,0,0,,,,,,,,,,0,0,1,0,1,1,0,0
2024_03_GB_TEN,202409220oti,2024,3,REG,GB,TEN,Lukas Van Ness,VanNLu00,0,0,0,,,,,,,,,,0,0,0,1,1,2,0,0
2024_03_GB_TEN,202409220oti,2024,3,REG,GB,TEN,Edgerrin Cooper,CoopEd00,0,1,0,0,,,0,,39.6,-7,,,2,0,0,0.5,1,4,0,0
2024_03_GB_TEN,202409220oti,2024,3,REG,GB,TEN,Keisean Nixon,NixoKe00,0,0,0,,,,,,,,,,1,0,0,0,0,2,1,0.333
2024_03_CAR_LV,202409220rai,2024,3,REG,LV,CAR,Nate Hobbs,HobbNa00,0,7,5,0.714,61,12.2,8.7,1,137.5,4.9,22,39,2,0,0,0,0,5,2,0.286
2024_03_CAR_LV,202409220rai,2024,3,REG,LV,CAR,Jack Jones,JoneJa10,0,5,4,0.8,48,12,9.6,2,146.2,9.2,43,5,1,0,0,0,0,7,4,0.364
2024_03_CAR_LV,202409220rai,2024,3,REG,LV,CAR,Jakorian Bennett,BennJa00,0,7,4,0.571,55,13.8,7.9,0,82.4,10.6,38,17,0,0,0,0,0,2,2,0.5
2024_03_CAR_LV,202409220rai,2024,3,REG,LV,CAR,Robert Spillane,SpilRo00,0,3,3,1,57,19,19,0,118.7,7.7,23,34,8,0,1,1,2,11,1,0.083
2024_03_CAR_LV,202409220rai,2024,3,REG,LV,CAR,Tre'von Moehrig,MoehTr00,0,3,2,0.667,9,4.5,3,0,70.1,6,4,5,3,0,0,0,0,6,0,0
2024_03_CAR_LV,202409220rai,2024,3,REG,LV,CAR,Luke Masterson,MastLu00,0,2,2,1,22,11,11,0,112.5,2,4,18,6,0,0,0,0,7,0,0
2024_03_CAR_LV,202409220rai,2024,3,REG,LV,CAR,Marcus Epps,EppsMa00,0,2,2,1,19,9.5,9.5,0,106.2,1.5,3,16,2,0,0,0,0,10,1,0.091
2024_03_CAR_LV,202409220rai,2024,3,REG,LV,CAR,Isaiah Pola-Mao,PolaIs00,0,1,1,1,5,5,5,0,87.5,5,5,0,1,0,0,0,0,2,0,0
2024_03_CAR_LV,202409220rai,2024,3,REG,LV,CAR,Tommy Eichenberg,EichTo00,0,1,1,1,20,20,20,0,118.7,-4,-4,24,0,0,0,0,0,2,1,0.333
2024_03_CAR_LV,202409220rai,2024,3,REG,LV,CAR,Christian Wilkins,WilkCh00,0,0,0,,,,,,,,,,0,0,1,0.5,2,2,1,0.333
2024_03_CAR_LV,202409220rai,2024,3,REG,LV,CAR,Maxx Crosby,CrosMa00,0,0,0,,,,,,,,,,0,2,0,0,2,3,0,0
2024_03_CAR_LV,202409220rai,2024,3,REG,LV,CAR,Janarius Robinson,RobiJa04,0,0,0,,,,,,,,,,0,1,0,0,1,0,0,
2024_03_CAR_LV,202409220rai,2024,3,REG,LV,CAR,Charles Snowden,SnowCh00,0,0,0,,,,,,,,,,0,0,0,0.5,1,2,0,0
2024_03_CAR_LV,202409220rai,2024,3,REG,LV,CAR,Tyree Wilson,WilsTy01,0,0,0,,,,,,,,,,0,0,1,0,1,2,0,0
2024_03_CAR_LV,202409220rai,2024,3,REG,LV,CAR,Nesta Jade Silvera,JadeNe00,0,0,0,,,,,,,,,,0,0,0,0,0,4,1,0.2
2024_03_CAR_LV,202409220rai,2024,3,REG,CAR,LV,Michael Jackson,JackMi01,1,19,11,0.579,148,13.5,7.8,1,78.4,10.2,111,37,0,0,0,0,0,9,1,0.1
2024_03_CAR_LV,202409220rai,2024,3,REG,CAR,LV,Shaq Thompson,ThomSh01,0,4,3,0.75,29,9.7,7.3,0,94.8,1.5,4,25,3,1,1,0,2,6,3,0.333
2024_03_CAR_LV,202409220rai,2024,3,REG,CAR,LV,Troy Hill,HillTr01,0,4,3,0.75,23,7.7,5.8,1,128.1,2.5,6,17,1,0,0,0,0,3,1,0.25
2024_03_CAR_LV,202409220rai,2024,3,REG,CAR,LV,Nick Scott,ScotNi01,0,2,2,1,19,9.5,9.5,0,106.2,8,16,3,0,0,0,0,0,6,0,0
2024_03_CAR_LV,202409220rai,2024,3,REG,CAR,LV,Jaycee Horn,HornJa00,0,4,2,0.5,20,10,5,0,64.6,16.3,22,-2,0,0,0,0,0,2,0,0
2024_03_CAR_LV,202409220rai,2024,3,REG,CAR,LV,Charles Harris,HarrCh03,0,1,1,1,11,11,11,0,112.5,4,4,7,0,1,0,0,1,3,0,0
2024_03_CAR_LV,202409220rai,2024,3,REG,CAR,LV,Jammie Robinson,RobiJa03,0,1,1,1,9,9,9,0,104.2,-1,-1,10,0,0,0,0,0,1,0,0
2024_03_CAR_LV,202409220rai,2024,3,REG,CAR,LV,Josey Jewell,JeweJo00,0,2,1,0.5,4,4,2,0,56.2,5,4,0,2,0,0,0,0,5,0,0
2024_03_CAR_LV,202409220rai,2024,3,REG,CAR,LV,Jadeveon Clowney,ClowJa00,0,0,0,,,,,,,,,,0,0,1,1,2,2,1,0.333
2024_03_CAR_LV,202409220rai,2024,3,REG,CAR,LV,DeShawn Williams,WillDe04,0,0,0,,,,,,,,,,0,0,1,0,1,1,0,0
2024_03_CAR_LV,202409220rai,2024,3,REG,CAR,LV,Jayden Peevy,PeevJa00,0,0,0,,,,,,,,,,0,0,0,1,1,3,0,0
2024_03_CAR_LV,202409220rai,2024,3,REG,CAR,LV,LaBryan Ray,RayxLa02,0,0,0,,,,,,,,,,0,0,0,1,1,4,0,0
2024_03_CAR_LV,202409220rai,2024,3,REG,CAR,LV,Trevin Wallace,WallTr00,0,0,0,,,,,,,,,,1,0,0,0,0,2,1,0.333
2024_03_MIA_SEA,202409220sea,2024,3,REG,SEA,MIA,Devon Witherspoon,WithDe00,0,6,4,0.667,22,5.5,3.7,0,72.9,-1.3,-7,29,2,0,0,0,0,3,1,0.25
2024_03_MIA_SEA,202409220sea,2024,3,REG,SEA,MIA,Tyrice Knight,KnigTy00,0,4,4,1,30,7.5,7.5,0,97.9,3,12,18,0,0,0,0,0,6,0,0
2024_03_MIA_SEA,202409220sea,2024,3,REG,SEA,MIA,Rayshawn Jenkins,JenkRa00,0,6,4,0.667,38,9.5,6.3,0,84,10.5,26,12,1,0,0,0,0,10,0,0
2024_03_MIA_SEA,202409220sea,2024,3,REG,SEA,MIA,Tyrel Dodson,DodsTy01,0,3,3,1,28,9.3,9.3,0,105.6,3.7,11,17,1,0,0,1,1,5,1,0.167
2024_03_MIA_SEA,202409220sea,2024,3,REG,SEA,MIA,Drake Thomas,ThomDr00,0,3,2,0.667,16,8,5.3,0,79.9,4.3,8,8,0,0,0,0,0,3,1,0.25
2024_03_MIA_SEA,202409220sea,2024,3,REG,SEA,MIA,Tre Brown,BrowTr03,0,3,2,0.667,34,17,11.3,0,104.9,18,33,1,0,0,0,0,0,2,0,0
2024_03_MIA_SEA,202409220sea,2024,3,REG,SEA,MIA,Derick Hall,HallDe04,0,2,1,0.5,1,1,0.5,0,56.2,0.5,1,0,2,1,1,2,4,5,0,0
2024_03_MIA_SEA,202409220sea,2024,3,REG,SEA,MIA,Nehemiah Pritchett,PritNe00,0,2,1,0.5,30,30,15,0,95.8,25.5,13,17,0,0,0,0,0,0,0,
2024_03_MIA_SEA,202409220sea,2024,3,REG,SEA,MIA,Dre'Mont Jones,JoneDr00,0,0,0,,,,,,,,,,0,0,2,1,3,5,0,0
2024_03_MIA_SEA,202409220sea,2024,3,REG,SEA,MIA,Boye Mafe,MafeBo00,0,0,0,,,,,,,,,,1,0,1,1,2,3,0,0
2024_03_MIA_SEA,202409220sea,2024,3,REG,SEA,MIA,Jarran Reed,ReedJa02,0,0,0,,,,,,,,,,0,0,1,1,2,4,0,0
2024_03_MIA_SEA,202409220sea,2024,3,REG,SEA,MIA,Byron Murphy,MurpBy01,0,0,0,,,,,,,,,,0,1,0,0,1,0,0,
2024_03_MIA_SEA,202409220sea,2024,3,REG,SEA,MIA,Johnathan Hankins,HankJo00,0,0,0,,,,,,,,,,0,0,1,0,1,3,0,0
2024_03_MIA_SEA,202409220sea,2024,3,REG,SEA,MIA,Riq Woolen,WoolTa00,0,2,0,0,,,0,,39.6,7.5,,,1,0,0,0,0,0,0,
2024_03_MIA_SEA,202409220sea,2024,3,REG,SEA,MIA,Julian Love,LoveJu00,0,0,0,,,,,,,,,,0,0,0,0,0,5,1,0.167
2024_03_MIA_SEA,202409220sea,2024,3,REG,MIA,SEA,David Long,LongDa04,0,5,5,1,55,11,11,0,112.5,5,25,30,2,0,0,0,0,2,3,0.6
2024_03_MIA_SEA,202409220sea,2024,3,REG,MIA,SEA,Jordyn Brooks,BrooJo01,0,4,4,1,28,7,7,0,95.8,1,4,24,6,0,1,0,1,9,0,0
2024_03_MIA_SEA,202409220sea,2024,3,REG,MIA,SEA,Jevon Holland,HollJe02,0,5,4,0.8,95,23.8,19,1,158.3,11.8,42,53,2,0,0,0,0,4,0,0
2024_03_MIA_SEA,202409220sea,2024,3,REG,MIA,SEA,Kader Kohou,KohoKa00,1,5,4,0.8,34,8.5,6.8,0,55.4,5.4,24,10,1,0,0,0,0,4,2,0.333
2024_03_MIA_SEA,202409220sea,2024,3,REG,MIA,SEA,Jalen Ramsey,RamsJa00,0,4,3,0.75,5,1.7,1.3,0,77.1,3,-3,8,0,0,0,0,0,5,0,0
2024_03_MIA_SEA,202409220sea,2024,3,REG,MIA,SEA,Jordan Poyer,PoyeJo00,0,3,3,1,42,14,14,0,118.7,10.3,31,11,1,0,0,0,0,9,2,0.182
2024_03_MIA_SEA,202409220sea,2024,3,REG,MIA,SEA,Kendall Fuller,FullKe00,0,3,2,0.667,27,13.5,9,0,95.1,6.3,14,13,0,0,0,0,0,3,1,0.25
2024_03_MIA_SEA,202409220sea,2024,3,REG,MIA,SEA,Jaelan Phillips,PhilJa02,0,2,1,0.5,2,2,1,0,56.2,2,0,2,2,1,0,0,1,2,0,0
2024_03_MIA_SEA,202409220sea,2024,3,REG,MIA,SEA,Anthony Walker,WalkAn01,0,1,1,1,9,9,9,0,104.2,5,5,4,1,0,0,0,0,3,0,0
2024_03_MIA_SEA,202409220sea,2024,3,REG,MIA,SEA,Storm Duck,DuckSt00,0,2,1,0.5,2,2,1,0,56.2,4.5,0,2,0,0,0,0,0,5,0,0
2024_03_MIA_SEA,202409220sea,2024,3,REG,MIA,SEA,Calais Campbell,CampCa99,0,0,0,,,,,,,,,,0,1,1,1,3,3,0,0
2024_03_MIA_SEA,202409220sea,2024,3,REG,MIA,SEA,Zach Sieler,SielZa00,1,1,0,0,,,0,,0,3,,,0,2,0,1,3,3,0,0
2024_03_MIA_SEA,202409220sea,2024,3,REG,MIA,SEA,Da'Shawn Hand,HandDa00,0,0,0,,,,,,,,,,0,0,0,1,1,5,1,0.167
2024_03_MIA_SEA,202409220sea,2024,3,REG,MIA,SEA,Emmanuel Ogbah,OgbaEm00,0,0,0,,,,,,,,,,0,0,1,0,1,3,0,0
2024_03_MIA_SEA,202409220sea,2024,3,REG,MIA,SEA,Marcus Maye,MayeMa00,0,0,0,,,,,,,,,,2,0,0,0,0,3,1,0.25
2024_03_MIA_SEA,202409220sea,2024,3,REG,MIA,SEA,Braxton Berrios,BerrBr00,0,0,0,,,,,,,,,,0,0,0,0,0,0,1,1
2024_03_DET_ARI,202409220crd,2024,3,REG,ARI,DET,Jalen Thompson,ThomJa04,0,5,5,1,59,11.8,11.8,0,115.8,7.4,37,22,0,0,0,0,0,9,0,0
2024_03_DET_ARI,202409220crd,2024,3,REG,ARI,DET,Sean Murphy-Bunting,BuntSe00,0,3,3,1,29,9.7,9.7,0,106.9,8.7,26,3,0,0,0,0,0,7,0,0
2024_03_DET_ARI,202409220crd,2024,3,REG,ARI,DET,Mack Wilson,WilsMa03,0,3,2,0.667,9,4.5,3,0,70.1,10.3,3,6,1,0,0,1,1,8,2,0.2
2024_03_DET_ARI,202409220crd,2024,3,REG,ARI,DET,Owen Pappoe,PappOw00,0,2,2,1,17,8.5,8.5,0,102.1,5.5,11,6,1,0,0,0,0,5,1,0.167
2024_03_DET_ARI,202409220crd,2024,3,REG,ARI,DET,Starling Thomas,ThomSt01,0,2,2,1,20,10,10,1,147.9,8,16,4,0,0,0,0,0,3,0,0
2024_03_DET_ARI,202409220crd,2024,3,REG,ARI,DET,Garrett Williams,WillGa00,0,2,2,1,20,10,10,0,108.3,1.5,3,17,1,0,0,0,0,3,1,0.25
2024_03_DET_ARI,202409220crd,2024,3,REG,ARI,DET,Julian Okwara,OkwaJu00,0,1,1,1,11,11,11,0,112.5,4,4,7,1,0,0,0,0,1,0,0
2024_03_DET_ARI,202409220crd,2024,3,REG,ARI,DET,Krys Barnes,BarnKr00,0,1,1,1,20,20,20,0,118.7,9,9,11,0,0,0,0,0,1,0,0
2024_03_DET_ARI,202409220crd,2024,3,REG,ARI,DET,Xavier Thomas,ThomXa01,0,1,1,1,7,7,7,0,95.8,-6,-6,13,1,0,0,0,0,1,0,0
2024_03_DET_ARI,202409220crd,2024,3,REG,ARI,DET,Khyiris Tonga,TongKh00,0,1,1,1,5,5,5,0,87.5,5,5,0,0,0,0,0,0,4,0,0
2024_03_DET_ARI,202409220crd,2024,3,REG,ARI,DET,Dante Stills,StilDa01,0,0,0,,,,,,,,,,0,0,0,1,1,6,0,0
2024_03_DET_ARI,202409220crd,2024,3,REG,ARI,DET,Roy Lopez,LopeRo00,0,0,0,,,,,,,,,,0,0,0,0,0,3,1,0.25
2024_03_DET_ARI,202409220crd,2024,3,REG,ARI,DET,Justin Jones,JoneJu03,0,0,0,,,,,,,,,,0,0,0,0,0,1,1,0.5
2024_03_DET_ARI,202409220crd,2024,3,REG,ARI,DET,Dennis Gardeck,GardDe01,1,1,0,0,,,0,,0,7,,,3,0,0,0,0,4,0,0
2024_03_DET_ARI,202409220crd,2024,3,REG,ARI,DET,Zaven Collins,CollZa00,0,1,0,0,,,0,,39.6,3,,,3,0,0,0,0,4,1,0.2
2024_03_DET_ARI,202409220crd,2024,3,REG,ARI,DET,Kyzir White,WhitKy00,0,1,0,0,,,0,,39.6,,,,4,0,0,0,0,10,1,0.091
2024_03_DET_ARI,202409220crd,2024,3,REG,ARI,DET,Budda Baker,BakeBu00,0,1,0,0,,,0,,39.6,45,,,4,0,0,0,0,7,0,0
2024_03_DET_ARI,202409220crd,2024,3,REG,DET,ARI,Carlton Davis,DaviCa02,0,5,5,1,53,10.6,10.6,1,150.4,9.8,49,4,0,0,0,0,0,7,0,0
2024_03_DET_ARI,202409220crd,2024,3,REG,DET,ARI,Malcolm Rodriguez,RodrMa00,0,4,4,1,29,7.3,7.3,0,96.9,5.3,21,8,4,0,0,0,0,5,0,0
2024_03_DET_ARI,202409220crd,2024,3,REG,DET,ARI,Amik Robertson,RobeAm00,0,5,4,0.8,35,8.8,7,0,95.8,7.2,7,28,0,0,0,0,0,2,2,0.5
2024_03_DET_ARI,202409220crd,2024,3,REG,DET,ARI,Terrion Arnold,ArnoTe00,0,9,3,0.333,47,15.7,5.2,0,51.6,18.6,45,2,0,0,0,0,0,2,1,0.333
2024_03_DET_ARI,202409220crd,2024,3,REG,DET,ARI,Brian Branch,BranBr00,0,5,3,0.6,19,6.3,3.8,0,67.9,8.2,15,4,1,0,0,0,0,9,1,0.1
2024_03_DET_ARI,202409220crd,2024,3,REG,DET,ARI,Aidan Hutchinson,HutcAi00,0,1,1,1,11,11,11,0,112.5,2,2,9,0,2,1,1,4,6,0,0
2024_03_DET_ARI,202409220crd,2024,3,REG,DET,ARI,Jack Campbell,CampJa04,0,1,1,1,7,7,7,0,95.8,5,5,2,3,0,0,0,0,4,0,0
2024_03_DET_ARI,202409220crd,2024,3,REG,DET,ARI,Jalen Reeves-Maybin,ReevJa00,0,1,1,1,13,13,13,0,118.7,6,6,7,3,0,0,0,0,1,0,0
2024_03_DET_ARI,202409220crd,2024,3,REG,DET,ARI,Levi Onwuzurike,OnwuLe00,0,0,0,,,,,,,,,,0,1,2,0,3,1,0,0
2024_03_DET_ARI,202409220crd,2024,3,REG,DET,ARI,Derrick Barnes,BarnDe02,0,0,0,,,,,,,,,,2,0,0,0,0,1,0,0
2024_03_DET_ARI,202409220crd,2024,3,REG,DET,ARI,Parker Hesse,HessPa00,0,0,0,,,,,,,,,,1,0,0,0,0,0,0,
2024_03_DET_ARI,202409220crd,2024,3,REG,DET,ARI,Kerby Joseph,JoseKe03,1,4,0,0,,,0,,0,28.8,,,0,0,0,0,0,3,0,0
2024_03_DET_ARI,202409220crd,2024,3,REG,DET,ARI,Ben Niemann,NiemBe00,0,1,0,0,,,0,,39.6,13,,,0,0,0,0,0,2,0,0
2024_03_BAL_DAL,202409220dal,2024,3,REG,DAL,BAL,Donovan Wilson,WilsDo01,0,4,4,1,42,10.5,10.5,1,150,5,20,22,2,0,0,0,0,6,1,0.143
2024_03_BAL_DAL,202409220dal,2024,3,REG,DAL,BAL,Trevon Diggs,DiggTr00,0,3,3,1,40,13.3,13.3,0,118.7,3,9,31,0,0,0,0,0,6,2,0.25
2024_03_BAL_DAL,202409220dal,2024,3,REG,DAL,BAL,Caelen Carson,CarsCa01,0,4,3,0.75,63,21,15.8,0,116.7,3.3,5,58,0,0,0,0,0,7,3,0.3
2024_03_BAL_DAL,202409220dal,2024,3,REG,DAL,BAL,DeMarvion Overshown,OverDe00,0,2,1,0.5,7,7,3.5,0,58.3,3.5,-4,11,0,0,0,0,0,6,1,0.143
2024_03_BAL_DAL,202409220dal,2024,3,REG,DAL,BAL,Malik Hooker,HookMa00,0,1,1,1,30,30,30,0,118.7,1,1,29,0,0,0,0,0,5,0,0
2024_03_BAL_DAL,202409220dal,2024,3,REG,DAL,BAL,Micah Parsons,ParsMi00,0,0,0,,,,,,,,,,1,1,1,0,2,5,2,0.286
2024_03_BAL_DAL,202409220dal,2024,3,REG,DAL,BAL,Marist Liufau,LiufMa00,0,0,0,,,,,,,,,,1,0,0,0,0,1,0,0
2024_03_BAL_DAL,202409220dal,2024,3,REG,DAL,BAL,Jourdan Lewis,LewiJo01,0,0,0,,,,,,,,,,0,0,0,0,0,2,1,0.333
2024_03_BAL_DAL,202409220dal,2024,3,REG,DAL,BAL,Eric Kendricks,KendEr00,0,1,0,0,,,0,,39.6,-3,,,2,0,0,0,0,12,0,0
2024_03_BAL_DAL,202409220dal,2024,3,REG,BAL,DAL,Kyle Hamilton,HamiKy00,0,7,5,0.714,62,12.4,8.9,0,98.5,6.6,36,26,4,0,1,0,1,12,1,0.077
2024_03_BAL_DAL,202409220dal,2024,3,REG,BAL,DAL,Roquan Smith,SmitRo07,0,9,5,0.556,80,16,8.9,1,122.5,6.4,43,37,4,1,0,0,1,11,0,0
2024_03_BAL_DAL,202409220dal,2024,3,REG,BAL,DAL,Nate Wiggins,WiggNa00,0,5,4,0.8,82,20.5,16.4,0,118.7,14.8,52,30,0,0,0,0,0,2,1,0.333
2024_03_BAL_DAL,202409220dal,2024,3,REG,BAL,DAL,Brandon Stephens,StepBr01,0,8,4,0.5,41,10.3,5.1,0,65.1,18.3,38,3,0,0,0,0,0,5,0,0
2024_03_BAL_DAL,202409220dal,2024,3,REG,BAL,DAL,Marcus Williams,WillMa06,0,5,3,0.6,64,21.3,12.8,0,104.2,10.6,41,23,0,0,0,0,0,4,2,0.333
2024_03_BAL_DAL,202409220dal,2024,3,REG,BAL,DAL,Marlon Humphrey,HumpMa00,0,4,2,0.5,18,9,4.5,0,62.5,6.3,7,11,2,0,1,0,1,1,0,0
2024_03_BAL_DAL,202409220dal,2024,3,REG,BAL,DAL,Ar'Darius Washington,WashAr00,0,6,2,0.333,22,11,3.7,1,84.7,9.3,22,0,2,0,0,0,0,2,0,0
2024_03_BAL_DAL,202409220dal,2024,3,REG,BAL,DAL,Trenton Simpson,SimpTr00,0,3,2,0.667,10,5,3.3,0,71.5,3.7,6,4,6,0,0,0,0,4,0,0
2024_03_BAL_DAL,202409220dal,2024,3,REG,BAL,DAL,Kyle Van Noy,VanNKy00,0,0,0,,,,,,,,,,2,1,0,2,3,2,0,0
2024_03_BAL_DAL,202409220dal,2024,3,REG,BAL,DAL,Nnamdi Madubuike,MaduJu00,0,0,0,,,,,,,,,,0,0,1,0,1,0,0,
2024_03_BAL_DAL,202409220dal,2024,3,REG,BAL,DAL,Odafe Oweh,OwehJa00,0,0,0,,,,,,,,,,1,0,1,0,1,0,0,
2024_03_BAL_DAL,202409220dal,2024,3,REG,BAL,DAL,Michael Pierce,PierMi00,0,0,0,,,,,,,,,,0,0,1,0,1,2,0,0
2024_03_BAL_DAL,202409220dal,2024,3,REG,BAL,DAL,Eddie Jackson,JackEd01,0,1,0,0,,,0,,39.6,4,,,0,0,0,0,0,2,1,0.333
2024_03_BAL_DAL,202409220dal,2024,3,REG,BAL,DAL,David Ojabo,OjabDa00,0,1,0,0,,,0,,39.6,-1,,,0,0,0,0,0,1,0,0
2024_03_SF_LA,202409220ram,2024,3,REG,LA,SF,Cobie Durant,DuraDe01,0,6,4,0.667,45,11.3,7.5,0,88.9,13.7,44,1,0,0,0,0,0,5,0,0
2024_03_SF_LA,202409220ram,2024,3,REG,LA,SF,Quentin Lake,LakeQu00,0,5,4,0.8,59,14.8,11.8,0,115.8,17.2,58,1,0,0,0,0,0,10,0,0
2024_03_SF_LA,202409220ram,2024,3,REG,LA,SF,Kamren Curl,CurlKa00,0,3,3,1,54,18,18,1,158.3,12,36,18,2,1,0,0,1,7,0,0
2024_03_SF_LA,202409220ram,2024,3,REG,LA,SF,Tre'Davious White,WhitTr01,0,5,3,0.6,35,11.7,7,1,120.8,12.2,35,0,0,0,0,0,0,3,0,0
2024_03_SF_LA,202409220ram,2024,3,REG,LA,SF,Troy Reeder,ReedTr01,0,3,2,0.667,12,6,4,0,74.3,4,7,5,1,0,0,0,0,10,1,0.091
2024_03_SF_LA,202409220ram,2024,3,REG,LA,SF,Kamren Kinchens,KincKa00,0,2,2,1,45,22.5,22.5,1,158.3,19.5,39,6,1,0,0,0,0,6,0,0
2024_03_SF_LA,202409220ram,2024,3,REG,LA,SF,Byron Young,YounBy01,0,2,1,0.5,2,2,1,0,56.2,-2,-4,6,4,1,1,1,3,4,1,0.2
2024_03_SF_LA,202409220ram,2024,3,REG,LA,SF,Jared Verse,VersJa00,0,1,1,1,7,7,7,0,95.8,3,3,4,4,1,1,0,2,4,4,0.5
2024_03_SF_LA,202409220ram,2024,3,REG,LA,SF,Christian Rozeboom,RozeCh00,0,2,1,0.5,6,6,3,0,56.2,4,5,1,1,0,0,0,0,10,0,0
2024_03_SF_LA,202409220ram,2024,3,REG,LA,SF,Michael Hoecht,HoecMi00,0,1,1,1,5,5,5,0,87.5,5,5,0,1,0,0,0,0,3,0,0
2024_03_SF_LA,202409220ram,2024,3,REG,LA,SF,Braden Fiske,FiskBr00,0,0,0,,,,,,,,,,0,4,0,0,4,2,0,0
2024_03_SF_LA,202409220ram,2024,3,REG,LA,SF,Kobie Turner,TurnKo00,0,0,0,,,,,,,,,,0,3,0,0,3,5,0,0
2024_03_SF_LA,202409220ram,2024,3,REG,LA,SF,Neville Gallimore,GallNe00,0,0,0,,,,,,,,,,0,0,1,0,1,3,0,0
2024_03_SF_LA,202409220ram,2024,3,REG,LA,SF,Bobby Brown,BrowBo04,0,0,0,,,,,,,,,,0,0,1,0,1,4,0,0
2024_03_SF_LA,202409220ram,2024,3,REG,SF,LA,Charvarius Ward,WardCh01,0,7,5,0.714,88,17.6,12.6,0,113.7,12.3,66,22,0,0,0,0,0,9,0,0
2024_03_SF_LA,202409220ram,2024,3,REG,SF,LA,Isaac Yiadom,YiadIs00,0,4,4,1,45,11.3,11.3,0,113.5,8,32,13,0,0,0,0,0,6,0,0
2024_03_SF_LA,202409220ram,2024,3,REG,SF,LA,Nick Bosa,BosaNi00,0,1,1,1,7,7,7,0,95.8,-4,-4,11,0,1,1,0,2,2,0,0
2024_03_SF_LA,202409220ram,2024,3,REG,SF,LA,De'Vondre Campbell,CampDe00,0,1,1,1,15,15,15,1,158.3,7,7,8,1,0,1,0,1,5,0,0
2024_03_SF_LA,202409220ram,2024,3,REG,SF,LA,Fred Warner,WarnFr00,0,2,1,0.5,9,9,4.5,0,62.5,7,5,4,2,0,0,0,0,4,0,0
2024_03_SF_LA,202409220ram,2024,3,REG,SF,LA,Talanoa Hufanga,HufaTa00,0,1,1,1,32,32,32,0,118.7,22,22,10,0,0,0,0,0,7,1,0.125
2024_03_SF_LA,202409220ram,2024,3,REG,SF,LA,Ji'Ayir Brown,BrowJi01,0,4,1,0.25,8,8,2,0,39.6,23,4,4,0,0,0,0,0,4,0,0
2024_03_SF_LA,202409220ram,2024,3,REG,SF,LA,Demetrius Flannigan-Fowles,FlanDe00,0,1,1,1,12,12,12,0,116.7,4,4,8,1,0,0,0,0,0,1,1
2024_03_SF_LA,202409220ram,2024,3,REG,SF,LA,Leonard Floyd,FloyLe00,0,1,1,1,5,5,5,0,87.5,3,3,2,0,0,0,0,0,4,0,0
2024_03_SF_LA,202409220ram,2024,3,REG,SF,LA,Maliek Collins,CollMa00,0,0,0,,,,,,,,,,0,1,0,1,2,1,1,0.5
2024_03_SF_LA,202409220ram,2024,3,REG,SF,LA,Sam Okuayinonu,OkuaSa00,0,0,0,,,,,,,,,,0,1,0,1,2,1,0,0
2024_03_SF_LA,202409220ram,2024,3,REG,SF,LA,Javon Hargrave,HargJa00,0,0,0,,,,,,,,,,0,0,0,1,1,3,0,0
2024_03_SF_LA,202409220ram,2024,3,REG,SF,LA,Yetur Gross-Matos,GrosYe00,0,0,0,,,,,,,,,,0,0,0,0,0,0,1,1
2024_03_SF_LA,202409220ram,2024,3,REG,SF,LA,Dee Winters,WintDe00,0,0,0,,,,,,,,,,1,0,0,0,0,0,0,
2024_03_SF_LA,202409220ram,2024,3,REG,SF,LA,Deommodore Lenoir,LenoDe00,0,1,0,0,,,0,,39.6,12,,,1,0,0,0,0,4,1,0.2
2024_03_SF_LA,202409220ram,2024,3,REG,SF,LA,Malik Mustapha,MustMa00,0,0,0,,,,,,,,,,0,0,0,0,0,0,1,1
2024_03_KC_ATL,202409220atl,2024,3,REG,ATL,KC,DeAundre Alford,AlfoDe00,0,7,7,1,46,6.6,6.6,1,133.6,4.3,30,16,0,0,0,0,0,10,2,0.167
2024_03_KC_ATL,202409220atl,2024,3,REG,ATL,KC,AJ Terrell,TerrAJ00,0,6,6,1,38,6.3,6.3,0,93.1,-2.5,-15,53,0,0,0,0,0,5,2,0.286
2024_03_KC_ATL,202409220atl,2024,3,REG,ATL,KC,Kaden Elliss,ElliKa00,0,4,3,0.75,32,10.7,8,0,97.9,8.3,20,12,4,0,1,0,1,7,0,0
2024_03_KC_ATL,202409220atl,2024,3,REG,ATL,KC,Mike Hughes,HughMi00,0,5,3,0.6,37,12.3,7.4,0,82.9,13.2,23,14,0,0,0,0,0,6,2,0.25
2024_03_KC_ATL,202409220atl,2024,3,REG,ATL,KC,Troy Andersen,AndeTr00,0,4,2,0.5,8,4,2,0,56.2,1.8,7,1,2,0,0,0,0,12,0,0
2024_03_KC_ATL,202409220atl,2024,3,REG,ATL,KC,Jessie Bates III,BateJe00,0,4,2,0.5,14,7,3.5,0,58.3,0.3,-8,22,0,0,0,0,0,6,1,0.143
2024_03_KC_ATL,202409220atl,2024,3,REG,ATL,KC,Clark Phillips,PhilCl00,0,1,1,1,2,2,2,0,79.2,0,0,2,0,0,0,0,0,1,1,0.5
2024_03_KC_ATL,202409220atl,2024,3,REG,ATL,KC,Justin Simmons,SimmJu00,1,4,1,0.25,13,13,3.3,0,1,11,5,8,1,0,0,0,0,5,0,0
2024_03_KC_ATL,202409220atl,2024,3,REG,ATL,KC,Grady Jarrett,JarrGr00,0,0,0,,,,,,,,,,0,1,1,0,2,3,0,0
2024_03_KC_ATL,202409220atl,2024,3,REG,ATL,KC,Lorenzo Carter,CartLo01,0,0,0,,,,,,,,,,1,0,2,0,2,1,0,0
2024_03_KC_ATL,202409220atl,2024,3,REG,ATL,KC,Matt Judon,JudoMa00,0,0,0,,,,,,,,,,4,0,1,0,1,3,1,0.25
2024_03_KC_ATL,202409220atl,2024,3,REG,ATL,KC,Eddie Goldman,GoldEd00,0,0,0,,,,,,,,,,0,0,1,0,1,1,0,0
2024_03_KC_ATL,202409220atl,2024,3,REG,ATL,KC,Arnold Ebiketie,EbikAr00,0,0,0,,,,,,,,,,2,0,1,0,1,1,1,0.5
2024_03_KC_ATL,202409220atl,2024,3,REG,ATL,KC,David Onyemata,OnyeDa00,0,0,0,,,,,,,,,,0,0,0,0,0,5,1,0.167
2024_03_KC_ATL,202409220atl,2024,3,REG,KC,ATL,Justin Reid,ReidJu00,0,7,6,0.857,86,14.3,12.3,1,157.4,9,47,39,0,0,0,0,0,5,0,0
2024_03_KC_ATL,202409220atl,2024,3,REG,KC,ATL,Chamarri Conner,ConnCh01,1,5,4,0.8,49,12.3,9.8,0,67.9,7.8,28,21,1,0,0,0,0,10,1,0.091
2024_03_KC_ATL,202409220atl,2024,3,REG,KC,ATL,Drue Tranquill,TranDr00,0,3,3,1,35,11.7,11.7,0,115.3,-0.3,-1,36,8,1,2,0,3,3,0,0
2024_03_KC_ATL,202409220atl,2024,3,REG,KC,ATL,Jaylen Watson,WatsJa02,0,5,3,0.6,30,10,6,0,77.1,6.6,7,23,1,0,0,0,0,4,3,0.429
2024_03_KC_ATL,202409220atl,2024,3,REG,KC,ATL,Trent McDuffie,McDuTr00,0,2,2,1,37,18.5,18.5,0,118.7,12.5,25,12,2,0,0,0,0,1,1,0.5
2024_03_KC_ATL,202409220atl,2024,3,REG,KC,ATL,Nick Bolton,BoltNi00,0,2,2,1,15,7.5,7.5,0,97.9,0,0,15,8,0,0,0,0,8,2,0.2
2024_03_KC_ATL,202409220atl,2024,3,REG,KC,ATL,Bryan Cook,CookBr02,0,3,1,0.333,4,4,1.3,0,42.4,2.3,-5,9,0,0,0,0,0,8,0,0
2024_03_KC_ATL,202409220atl,2024,3,REG,KC,ATL,Nazeeh Johnson,JohnNa01,0,2,1,0.5,-2,-2,-1,0,56.2,10,-2,0,1,0,0,0,0,1,0,0
2024_03_KC_ATL,202409220atl,2024,3,REG,KC,ATL,Tershawn Wharton,WharTe00,0,0,0,,,,,,,,,,0,1,1,0,2,3,0,0
2024_03_KC_ATL,202409220atl,2024,3,REG,KC,ATL,Michael Danna,DannMi00,0,0,0,,,,,,,,,,0,1,1,0,2,4,0,0
2024_03_KC_ATL,202409220atl,2024,3,REG,KC,ATL,George Karlaftis III,KarlGe00,0,0,0,,,,,,,,,,0,0,2,0,2,2,0,0
2024_03_KC_ATL,202409220atl,2024,3,REG,KC,ATL,Felix Anudike-Uzomah,AnudFe00,0,0,0,,,,,,,,,,0,0,0,1,1,2,0,0
2024_03_KC_ATL,202409220atl,2024,3,REG,KC,ATL,Malik Herring,HerrMa02,0,0,0,,,,,,,,,,0,0,1,0,1,0,0,
2024_03_KC_ATL,202409220atl,2024,3,REG,KC,ATL,Chris Jones,JoneCh09,0,0,0,,,,,,,,,,0,0,1,0,1,2,0,0
2024_03_KC_ATL,202409220atl,2024,3,REG,KC,ATL,Mike Pennel,PennMi00,0,0,0,,,,,,,,,,0,0,0,1,1,1,0,0
2024_03_KC_ATL,202409220atl,2024,3,REG,KC,ATL,Leo Chenal,ChenLe00,0,0,0,,,,,,,,,,3,0,0,0,0,1,0,0
2024_03_JAX_BUF,202409230buf,2024,3,REG,BUF,JAX,Cameron Lewis,LewiCa00,0,10,8,0.8,89,11.1,8.9,0,103.7,5.7,57,32,3,0,0,0,0,8,2,0.2
2024_03_JAX_BUF,202409230buf,2024,3,REG,BUF,JAX,Dorian Williams,WillDo04,0,5,3,0.6,8,2.7,1.6,0,64.6,7.2,1,7,3,1,0,0,1,11,0,0
2024_03_JAX_BUF,202409230buf,2024,3,REG,BUF,JAX,Damar Hamlin,HamlDa00,1,5,3,0.6,20,6.7,4,0,29.2,9,14,6,0,0,0,0,0,5,1,0.167
2024_03_JAX_BUF,202409230buf,2024,3,REG,BUF,JAX,Rasul Douglas,DougRa00,0,4,2,0.5,19,9.5,4.8,1,103.1,11.5,19,0,0,0,0,0,0,3,0,0
2024_03_JAX_BUF,202409230buf,2024,3,REG,BUF,JAX,Brandon Codrington,CodrBr00,0,3,2,0.667,10,5,3.3,0,71.5,3.7,1,9,0,0,0,0,0,2,0,0
2024_03_JAX_BUF,202409230buf,2024,3,REG,BUF,JAX,Christian Benford,BenfCh00,0,4,2,0.5,7,3.5,1.8,0,56.2,9.5,6,1,0,0,0,0,0,4,0,0
2024_03_JAX_BUF,202409230buf,2024,3,REG,BUF,JAX,Baylon Spector,SpecBa00,0,4,2,0.5,23,11.5,5.8,0,67.7,7.3,24,-1,3,0,0,0,0,6,0,0
2024_03_JAX_BUF,202409230buf,2024,3,REG,BUF,JAX,Ja'Marcus Ingram,IngrJa00,0,3,1,0.333,5,5,1.7,0,42.4,8.7,-3,8,1,0,0,1,1,2,0,0
2024_03_JAX_BUF,202409230buf,2024,3,REG,BUF,JAX,Kaiir Elam,ElamKa00,0,2,1,0.5,-1,-1,-0.5,0,56.2,1.5,-3,2,0,0,0,0,0,3,0,0
2024_03_JAX_BUF,202409230buf,2024,3,REG,BUF,JAX,Taylor Rapp,RappTa00,0,2,1,0.5,12,12,6,0,68.7,7,12,0,0,0,0,0,0,1,0,0
2024_03_JAX_BUF,202409230buf,2024,3,REG,BUF,JAX,Joe Andreessen,AndrJo02,0,2,1,0.5,8,8,4,0,60.4,3.5,7,1,0,0,0,0,0,2,0,0
2024_03_JAX_BUF,202409230buf,2024,3,REG,BUF,JAX,Von Miller,MillVo00,0,0,0,,,,,,,,,,3,1,1,1,3,1,0,0
2024_03_JAX_BUF,202409230buf,2024,3,REG,BUF,JAX,A.J. Epenesa,EpenAJ00,0,0,0,,,,,,,,,,0,1,0,1,2,2,0,0
2024_03_JAX_BUF,202409230buf,2024,3,REG,BUF,JAX,Ed Oliver,OlivEd00,0,0,0,,,,,,,,,,0,0,1,0,1,3,0,0
2024_03_JAX_BUF,202409230buf,2024,3,REG,BUF,JAX,Gregory Rousseau,RousGr00,0,0,0,,,,,,,,,,0,0,1,0,1,1,0,0
2024_03_JAX_BUF,202409230buf,2024,3,REG,BUF,JAX,Javon Solomon,SoloJa00,0,0,0,,,,,,,,,,0,0,0,1,1,1,0,0
2024_03_JAX_BUF,202409230buf,2024,3,REG,BUF,JAX,Casey Toohill,ToohCa00,0,0,0,,,,,,,,,,0,0,0,1,1,2,0,0
2024_03_JAX_BUF,202409230buf,2024,3,REG,JAX,BUF,Montaric Brown,BrowMo00,0,5,5,1,70,14,14,1,158.3,6.6,33,37,0,0,0,0,0,7,1,0.125
2024_03_JAX_BUF,202409230buf,2024,3,REG,JAX,BUF,Chad Muma,MumaCh00,0,3,3,1,34,11.3,11.3,1,153.5,3,9,25,1,0,0,0,0,7,0,0
2024_03_JAX_BUF,202409230buf,2024,3,REG,JAX,BUF,Josh Hines-Allen,AlleJo03,0,2,2,1,20,10,10,0,108.3,-5.5,-11,31,0,0,0,0,0,3,0,0
2024_03_JAX_BUF,202409230buf,2024,3,REG,JAX,BUF,Antonio Johnson,JohnAn07,0,2,2,1,36,18,18,0,118.7,11,22,14,1,0,0,0,0,6,0,0
2024_03_JAX_BUF,202409230buf,2024,3,REG,JAX,BUF,Christian Braswell,BrasCh00,0,2,2,1,13,6.5,6.5,0,93.7,-3,-6,19,0,0,0,0,0,5,2,0.286
2024_03_JAX_BUF,202409230buf,2024,3,REG,JAX,BUF,Andre Cisco,CiscAn00,0,4,2,0.5,12,6,3,0,56.2,3.3,4,8,0,0,0,0,0,4,2,0.333
2024_03_JAX_BUF,202409230buf,2024,3,REG,JAX,BUF,Devin Lloyd,LloyDe00,0,4,2,0.5,14,7,3.5,1,97.9,11.8,13,1,2,0,0,0,0,4,1,0.2
2024_03_JAX_BUF,202409230buf,2024,3,REG,JAX,BUF,Yasir Abdullah,AbduYa00,0,1,1,1,8,8,8,0,100,0,0,8,3,0,0,0,0,3,0,0
2024_03_JAX_BUF,202409230buf,2024,3,REG,JAX,BUF,Jarrian Jones,JoneJa14,0,1,1,1,4,4,4,0,83.3,3,3,1,1,0,0,0,0,2,0,0
2024_03_JAX_BUF,202409230buf,2024,3,REG,JAX,BUF,Foyesade Oluokun,OluoFo00,0,1,1,1,9,9,9,0,104.2,6,6,3,2,0,0,0,0,3,0,0
2024_03_JAX_BUF,202409230buf,2024,3,REG,JAX,BUF,Ronald Darby,DarbRo00,0,2,1,0.5,7,7,3.5,0,58.3,18.5,6,1,1,0,0,0,0,5,0,0
2024_03_JAX_BUF,202409230buf,2024,3,REG,JAX,BUF,Deantre Prince,PrinDe01,0,1,1,1,27,27,27,1,158.3,4,4,23,0,0,0,0,0,0,2,1
2024_03_JAX_BUF,202409230buf,2024,3,REG,JAX,BUF,DaVon Hamilton,HamiDa02,0,0,0,,,,,,,,,,0,1,0,0,1,0,1,1
2024_03_JAX_BUF,202409230buf,2024,3,REG,JAX,BUF,Roy Robertson-Harris,RobeRo00,0,0,0,,,,,,,,,,0,1,0,0,1,0,1,1
2024_03_JAX_BUF,202409230buf,2024,3,REG,JAX,BUF,Maason Smith,SmitMa07,0,0,0,,,,,,,,,,0,0,1,0,1,0,0,
2024_03_JAX_BUF,202409230buf,2024,3,REG,JAX,BUF,Ventrell Miller,MillVe00,0,1,0,0,,,0,,39.6,9,,,3,0,0,0,0,6,0,0
2024_03_WAS_CIN,202409230cin,2024,3,REG,CIN,WAS,Daxton Hill,HillDa04,0,4,4,1,59,14.8,14.8,1,158.3,10,40,19,0,0,0,0,0,6,0,0
2024_03_WAS_CIN,202409230cin,2024,3,REG,CIN,WAS,Vonn Bell,BellVo00,0,4,4,1,31,7.8,7.8,1,138.5,7.8,31,0,0,0,0,0,0,9,0,0
2024_03_WAS_CIN,202409230cin,2024,3,REG,CIN,WAS,Germaine Pratt,PratGe00,0,4,4,1,62,15.5,15.5,0,118.7,4,16,46,5,0,0,0,0,9,0,0
2024_03_WAS_CIN,202409230cin,2024,3,REG,CIN,WAS,Logan Wilson,WilsLo00,0,2,2,1,19,9.5,9.5,0,106.2,9,18,1,2,0,0,0,0,9,2,0.182
2024_03_WAS_CIN,202409230cin,2024,3,REG,CIN,WAS,Akeem Davis-Gaither,DaviAk01,0,2,2,1,9,4.5,4.5,0,85.4,0,0,9,0,0,0,0,0,3,1,0.25
2024_03_WAS_CIN,202409230cin,2024,3,REG,CIN,WAS,Mike Hilton,HiltMi01,0,2,2,1,12,6,6,0,91.7,-3,-6,18,2,0,0,0,0,2,0,0
2024_03_WAS_CIN,202409230cin,2024,3,REG,CIN,WAS,Geno Stone,StonGe00,0,2,1,0.5,4,4,2,0,56.2,19.5,4,0,2,0,1,0,1,4,0,0
2024_03_WAS_CIN,202409230cin,2024,3,REG,CIN,WAS,Cam Taylor-Britt,TaylCa01,0,2,1,0.5,55,55,27.5,0,95.8,37,50,5,0,0,0,0,0,4,0,0
2024_03_WAS_CIN,202409230cin,2024,3,REG,CIN,WAS,DJ Turner,TurnDJ01,0,1,1,1,3,3,3,0,79.2,3,3,0,0,0,0,0,0,1,0,0
2024_03_WAS_CIN,202409230cin,2024,3,REG,CIN,WAS,Trey Hendrickson,HendTr00,0,0,0,,,,,,,,,,0,1,0,1,2,1,0,0
2024_03_WAS_CIN,202409230cin,2024,3,REG,CIN,WAS,Jay Tufele,TufeJa00,0,0,0,,,,,,,,,,0,1,0,0.5,2,2,2,0.5
2024_03_WAS_CIN,202409230cin,2024,3,REG,CIN,WAS,Zachary Carter,CartZa00,0,0,0,,,,,,,,,,0,0,0,0.5,1,3,0,0
2024_03_WAS_CIN,202409230cin,2024,3,REG,CIN,WAS,Joseph Ossai,OssaJo00,0,0,0,,,,,,,,,,0,0,0,0,0,2,1,0.333
2024_03_WAS_CIN,202409230cin,2024,3,REG,CIN,WAS,Joe Bachie,BachJo01,0,0,0,,,,,,,,,,1,0,0,0,0,0,0,
2024_03_WAS_CIN,202409230cin,2024,3,REG,CIN,WAS,Sam Hubbard,HubbSa00,0,0,0,,,,,,,,,,0,0,0,0,0,3,1,0.25
2024_03_WAS_CIN,202409230cin,2024,3,REG,WAS,CIN,Noah Igbinoghene,IgbiNo00,0,9,6,0.667,43,7.2,4.8,1,114.6,6.1,32,11,1,0,0,0,0,5,1,0.167
2024_03_WAS_CIN,202409230cin,2024,3,REG,WAS,CIN,Bobby Wagner,WagnBo00,0,5,5,1,40,8,8,0,100,3.2,16,24,1,0,0,0,0,8,1,0.111
2024_03_WAS_CIN,202409230cin,2024,3,REG,WAS,CIN,Benjamin St-Juste,StJuBe00,0,8,5,0.625,99,19.8,12.4,1,145.3,13.1,73,26,0,0,0,0,0,6,0,0
2024_03_WAS_CIN,202409230cin,2024,3,REG,WAS,CIN,Frankie Luvu,LuvuFr00,0,5,4,0.8,28,7,5.6,0,90,1.6,-3,31,3,0,0,0,0,7,1,0.125
2024_03_WAS_CIN,202409230cin,2024,3,REG,WAS,CIN,Mike Sainristil,SainMi00,0,4,3,0.75,58,19.3,14.5,1,156.2,10.3,45,13,0,0,0,0,0,6,0,0
2024_03_WAS_CIN,202409230cin,2024,3,REG,WAS,CIN,Percy Butler,ButlPe00,0,3,2,0.667,33,16.5,11,0,103.5,16.3,32,1,0,0,0,0,0,5,0,0
2024_03_WAS_CIN,202409230cin,2024,3,REG,WAS,CIN,Jeremy Chinn,ChinJe00,0,2,2,1,10,5,5,0,87.5,0.5,1,9,1,0,0,0,0,4,0,0
2024_03_WAS_CIN,202409230cin,2024,3,REG,WAS,CIN,Jamin Davis,DaviJa11,0,2,2,1,13,6.5,6.5,0,93.7,4,8,5,1,0,0,0,0,3,0,0
2024_03_WAS_CIN,202409230cin,2024,3,REG,WAS,CIN,Dorance Armstrong Jr.,ArmsDo00,0,0,0,,,,,,,,,,0,0,0,0.5,1,1,0,0
2024_03_WAS_CIN,202409230cin,2024,3,REG,WAS,CIN,Daron Payne,PaynDa00,0,0,0,,,,,,,,,,0,0,1,0,1,1,1,0.5
2024_03_WAS_CIN,202409230cin,2024,3,REG,WAS,CIN,Javontae Jean-Baptiste,JeanJa00,0,0,0,,,,,,,,,,0,0,0,1,1,1,0,0
2024_03_WAS_CIN,202409230cin,2024,3,REG,WAS,CIN,Jonathan Allen,AlleJo01,0,0,0,,,,,,,,,,0,0,1,0,1,1,0,0
2024_03_WAS_CIN,202409230cin,2024,3,REG,WAS,CIN,Dante Fowler,FowlDa00,0,0,0,,,,,,,,,,0,0,0,0.5,1,1,2,0.667
2024_03_WAS_CIN,202409230cin,2024,3,REG,WAS,CIN,Quan Martin,MartJa04,0,0,0,,,,,,,,,,0,0,0,0,0,6,1,0.143
2024_04_DAL_NYG,202409260nyg,2024,4,REG,NYG,DAL,Cordale Flott,FlotCo00,0,8,5,0.625,51,10.2,6.4,0,80.7,8.3,33,18,0,0,0,0,0,4,1,0.2
2024_04_DAL_NYG,202409260nyg,2024,4,REG,NYG,DAL,Micah McFadden,McFaMi01,0,4,4,1,36,9,9,1,143.7,1,4,32,1,0,0,0,0,8,1,0.111
2024_04_DAL_NYG,202409260nyg,2024,4,REG,NYG,DAL,Tyler Nubin,NubiTy00,0,5,3,0.6,44,14.7,8.8,0,88.7,5.4,27,17,0,0,0,0,0,8,0,0
2024_04_DAL_NYG,202409260nyg,2024,4,REG,NYG,DAL,Jason Pinnock,PinnJa01,0,3,3,1,15,5,5,0,87.5,4.7,14,1,0,0,0,0,0,4,0,0
2024_04_DAL_NYG,202409260nyg,2024,4,REG,NYG,DAL,Deonte Banks,BankDe00,0,4,3,0.75,76,25.3,19,1,156.2,10,35,41,0,0,0,0,0,2,0,0
2024_04_DAL_NYG,202409260nyg,2024,4,REG,NYG,DAL,Isaiah Simmons,SimmIs00,0,1,1,1,9,9,9,0,104.2,3,3,6,2,1,0,0,1,1,0,0
2024_04_DAL_NYG,202409260nyg,2024,4,REG,NYG,DAL,Nick McCloud,McClNi00,0,1,1,1,9,9,9,0,104.2,9,9,0,1,0,0,0,0,3,0,0
2024_04_DAL_NYG,202409260nyg,2024,4,REG,NYG,DAL,Bobby Okereke,OkerBo00,0,4,1,0.25,21,21,5.3,0,49,3.3,9,12,1,0,0,0,0,6,0,0
2024_04_DAL_NYG,202409260nyg,2024,4,REG,NYG,DAL,Duke Shelley,ShelDu00,0,1,1,1,6,6,6,0,91.7,4,4,2,0,0,0,0,0,1,0,0
2024_04_DAL_NYG,202409260nyg,2024,4,REG,NYG,DAL,Dexter Lawrence,LawrDe03,0,0,0,,,,,,,,,,0,0,1,0,1,2,0,0
2024_04_DAL_NYG,202409260nyg,2024,4,REG,NYG,DAL,Brian Burns,BurnBr00,0,0,0,,,,,,,,,,1,0,1,0,1,3,0,0
2024_04_DAL_NYG,202409260nyg,2024,4,REG,NYG,DAL,Kayvon Thibodeaux,ThibKa00,0,0,0,,,,,,,,,,0,0,0,1,1,3,0,0
2024_04_DAL_NYG,202409260nyg,2024,4,REG,DAL,NYG,DeMarvion Overshown,OverDe00,0,6,6,1,33,5.5,5.5,0,89.6,4.7,23,10,1,0,0,0,0,8,0,0
2024_04_DAL_NYG,202409260nyg,2024,4,REG,DAL,NYG,Jourdan Lewis,LewiJo01,0,8,6,0.75,43,7.2,5.4,0,87,4.6,32,11,1,0,0,0,0,5,1,0.167
2024_04_DAL_NYG,202409260nyg,2024,4,REG,DAL,NYG,Trevon Diggs,DiggTr00,0,6,4,0.667,43,10.8,7.2,0,87.5,6.8,8,35,0,0,0,0,0,2,2,0.5
2024_04_DAL_NYG,202409260nyg,2024,4,REG,DAL,NYG,Andrew Booth,BootAn00,0,3,3,1,46,15.3,15.3,0,118.7,11.3,34,12,0,0,0,0,0,4,0,0
2024_04_DAL_NYG,202409260nyg,2024,4,REG,DAL,NYG,Amani Oruwariye,OruwAm00,1,7,3,0.429,14,4.7,2,0,10.7,18.4,13,1,0,0,0,0,0,3,0,0
2024_04_DAL_NYG,202409260nyg,2024,4,REG,DAL,NYG,Eric Kendricks,KendEr00,0,3,3,1,24,8,8,0,100,2.7,8,16,3,0,0,0,0,13,1,0.071
2024_04_DAL_NYG,202409260nyg,2024,4,REG,DAL,NYG,Malik Hooker,HookMa00,0,6,2,0.333,56,28,9.3,0,68.7,18.3,31,25,0,0,0,0,0,5,0,0
2024_04_DAL_NYG,202409260nyg,2024,4,REG,DAL,NYG,Osa Odighizuwa,OdigOs00,0,1,1,1,14,14,14,0,118.7,-4,-4,18,0,0,1,0,1,4,0,0
2024_04_DAL_NYG,202409260nyg,2024,4,REG,DAL,NYG,Donovan Wilson,WilsDo01,0,2,1,0.5,16,16,8,0,77.1,5.5,11,5,2,0,0,0,0,5,0,0
2024_04_DAL_NYG,202409260nyg,2024,4,REG,DAL,NYG,Marist Liufau,LiufMa00,0,1,1,1,15,15,15,0,118.7,14,14,1,0,0,0,0,0,4,0,0
2024_04_DAL_NYG,202409260nyg,2024,4,REG,DAL,NYG,DeMarcus Lawrence,LawrDe00,0,0,0,,,,,,,,,,0,0,0,1,1,2,0,0
2024_04_DAL_NYG,202409260nyg,2024,4,REG,DAL,NYG,Marshawn Kneeland,KneeMa00,0,0,0,,,,,,,,,,0,0,1,0,1,3,0,0
2024_04_DAL_NYG,202409260nyg,2024,4,REG,DAL,NYG,Carl Lawson,LawsCa00,0,0,0,,,,,,,,,,2,0,0,0,0,0,0,
2024_04_DAL_NYG,202409260nyg,2024,4,REG,DAL,NYG,Micah Parsons,ParsMi00,0,0,0,,,,,,,,,,3,0,0,0,0,2,0,0
2024_04_NO_ATL,202409290atl,2024,4,REG,ATL,NO,DeAundre Alford,AlfoDe00,0,11,7,0.636,59,8.4,5.4,0,77.5,6.9,46,13,2,0,0,1,1,9,0,0
2024_04_NO_ATL,202409290atl,2024,4,REG,ATL,NO,Mike Hughes,HughMi00,0,8,7,0.875,48,6.9,6,0,91.7,3.1,20,28,0,0,0,0,0,7,0,0
2024_04_NO_ATL,202409290atl,2024,4,REG,ATL,NO,AJ Terrell,TerrAJ00,0,5,4,0.8,39,9.8,7.8,0,99.2,6.8,9,30,0,0,0,0,0,5,0,0
2024_04_NO_ATL,202409290atl,2024,4,REG,ATL,NO,Clark Phillips,PhilCl00,0,3,3,1,41,13.7,13.7,0,118.7,9.3,28,13,0,0,0,0,0,3,0,0
2024_04_NO_ATL,202409290atl,2024,4,REG,ATL,NO,Troy Andersen,AndeTr00,1,5,3,0.6,17,5.7,3.4,0,26.7,2,4,13,5,0,0,0,0,17,0,0
2024_04_NO_ATL,202409290atl,2024,4,REG,ATL,NO,Lorenzo Carter,CartLo01,0,2,2,1,14,7,7,0,95.8,3,6,8,0,0,0,0,0,4,0,0
2024_04_NO_ATL,202409290atl,2024,4,REG,ATL,NO,Kaden Elliss,ElliKa00,0,1,1,1,18,18,18,0,118.7,18,18,0,3,0,1,0,1,6,0,0
2024_04_NO_ATL,202409290atl,2024,4,REG,ATL,NO,James Smith-Williams,SmitJa08,0,1,1,1,3,3,3,0,79.2,-4,-4,7,0,0,0,0,0,5,0,0
2024_04_NO_ATL,202409290atl,2024,4,REG,ATL,NO,Matt Judon,JudoMa00,0,0,0,,,,,,,,,,0,1,0,0,1,1,0,0
2024_04_NO_ATL,202409290atl,2024,4,REG,ATL,NO,Arnold Ebiketie,EbikAr00,0,0,0,,,,,,,,,,2,0,1,0,1,2,0,0
2024_04_NO_ATL,202409290atl,2024,4,REG,ATL,NO,Justin Simmons,SimmJu00,0,0,0,,,,,,,,,,1,0,0,0,0,1,0,0
2024_04_NO_ATL,202409290atl,2024,4,REG,ATL,NO,Jessie Bates III,BateJe00,0,0,0,,,,,,,,,,3,0,0,0,0,5,0,0
2024_04_NO_ATL,202409290atl,2024,4,REG,NO,ATL,Paulson Adebo,AdebPa00,1,16,9,0.563,150,16.7,9.4,0,62,14.3,121,29,0,0,0,0,0,12,0,0
2024_04_NO_ATL,202409290atl,2024,4,REG,NO,ATL,Pete Werner,WernPe00,0,3,3,1,32,10.7,10.7,0,111.1,2.3,7,25,0,0,0,0,0,6,0,0
2024_04_NO_ATL,202409290atl,2024,4,REG,NO,ATL,Marshon Lattimore,LattMa01,0,5,3,0.6,22,7.3,4.4,0,70.4,0.6,-9,31,0,0,0,0,0,5,0,0
2024_04_NO_ATL,202409290atl,2024,4,REG,NO,ATL,Alontae Taylor,TaylAl01,0,5,2,0.4,29,14.5,5.8,0,59.6,14.8,28,1,0,0,0,0,0,4,0,0
2024_04_NO_ATL,202409290atl,2024,4,REG,NO,ATL,Chase Young,YounCh04,0,1,1,1,-4,-4,-4,0,79.2,-4,-4,0,0,0,1,0,1,3,0,0
2024_04_NO_ATL,202409290atl,2024,4,REG,NO,ATL,Will Harris,HarrWi02,0,4,1,0.25,7,7,1.8,0,39.6,11,-5,12,0,0,0,0,0,2,1,0.333
2024_04_NO_ATL,202409290atl,2024,4,REG,NO,ATL,D'Marco Jackson,JackDM00,0,2,1,0.5,10,10,5,0,64.6,5,5,5,2,0,0,0,0,3,0,0
2024_04_NO_ATL,202409290atl,2024,4,REG,NO,ATL,Tyrann Mathieu,MathTy00,0,1,1,1,26,26,26,0,118.7,1,1,25,1,0,0,0,0,2,1,0.333
2024_04_NO_ATL,202409290atl,2024,4,REG,NO,ATL,Nathan Shepherd,ShepNa00,0,0,0,,,,,,,,,,0,1,1,0,2,1,0,0
2024_04_NO_ATL,202409290atl,2024,4,REG,NO,ATL,Bryan Bresee,BresBr00,0,0,0,,,,,,,,,,0,0,1,0,1,0,1,1
2024_04_NO_ATL,202409290atl,2024,4,REG,NO,ATL,Payton Turner,TurnPa02,0,0,0,,,,,,,,,,0,0,0,1,1,3,0,0
2024_04_NO_ATL,202409290atl,2024,4,REG,NO,ATL,Willie Gay Jr.,GayJWi00,0,1,0,0,11,,11,0,72.9,-2,-2,13,0,0,0,0,0,2,0,0
2024_04_NO_ATL,202409290atl,2024,4,REG,NO,ATL,Khalen Saunders,SaunKh00,0,0,0,,,,,,,,,,1,0,0,0,0,1,0,0
2024_04_CIN_CAR,202409290car,2024,4,REG,CAR,CIN,Xavier Woods,WoodXa00,1,5,4,0.8,73,18.3,14.6,1,118.7,10.6,31,42,0,0,0,0,0,10,2,0.167
2024_04_CIN_CAR,202409290car,2024,4,REG,CAR,CIN,Jaycee Horn,HornJa00,0,7,4,0.571,33,8.3,4.7,0,69.3,8.9,29,4,0,0,0,0,0,8,1,0.111
2024_04_CIN_CAR,202409290car,2024,4,REG,CAR,CIN,Troy Hill,HillTr01,0,3,3,1,44,14.7,14.7,0,118.7,9,27,17,0,0,0,0,0,6,2,0.25
2024_04_CIN_CAR,202409290car,2024,4,REG,CAR,CIN,Josey Jewell,JeweJo00,0,2,2,1,13,6.5,6.5,0,93.7,0,0,13,1,0,0,0,0,7,0,0
2024_04_CIN_CAR,202409290car,2024,4,REG,CAR,CIN,Nick Scott,ScotNi01,0,2,2,1,5,2.5,2.5,1,118.7,-1.5,-3,8,0,0,0,0,0,6,1,0.143
2024_04_CIN_CAR,202409290car,2024,4,REG,CAR,CIN,Charles Harris,HarrCh03,0,1,1,1,11,11,11,0,112.5,-1,-1,12,0,0,1,0,1,2,2,0.5
2024_04_CIN_CAR,202409290car,2024,4,REG,CAR,CIN,Michael Jackson,JackMi01,0,5,1,0.2,11,11,2.2,0,39.6,5.2,-3,14,0,0,0,0,0,2,2,0.5
2024_04_CIN_CAR,202409290car,2024,4,REG,CAR,CIN,Thomas Incoom,IncoTh00,0,1,1,1,4,4,4,0,83.3,4,4,0,0,0,0,0,0,2,0,0
2024_04_CIN_CAR,202409290car,2024,4,REG,CAR,CIN,Shaq Thompson,ThomSh01,0,1,1,1,3,3,3,0,79.2,1,1,2,2,0,0,0,0,5,2,0.286
2024_04_CIN_CAR,202409290car,2024,4,REG,CAR,CIN,Jadeveon Clowney,ClowJa00,0,0,0,,,,,,,,,,0,2,0,0,2,0,2,1
2024_04_CIN_CAR,202409290car,2024,4,REG,CAR,CIN,Jayden Peevy,PeevJa00,0,0,0,,,,,,,,,,0,0,1,0,1,1,0,0
2024_04_CIN_CAR,202409290car,2024,4,REG,CIN,CAR,Cam Taylor-Britt,TaylCa01,0,7,5,0.714,84,16.8,12,1,151.2,18.1,75,9,0,0,0,0,0,2,0,0
2024_04_CIN_CAR,202409290car,2024,4,REG,CIN,CAR,Germaine Pratt,PratGe00,0,6,5,0.833,40,8,6.7,0,94.4,1.5,5,35,2,0,0,0,0,9,4,0.308
2024_04_CIN_CAR,202409290car,2024,4,REG,CIN,CAR,Daxton Hill,HillDa04,0,6,4,0.667,15,3.8,2.5,0,70.1,5.8,5,10,0,0,0,0,0,6,0,0
2024_04_CIN_CAR,202409290car,2024,4,REG,CIN,CAR,DJ Turner,TurnDJ01,0,8,4,0.5,32,8,4,0,60.4,11.6,17,15,0,0,0,0,0,7,0,0
2024_04_CIN_CAR,202409290car,2024,4,REG,CIN,CAR,Logan Wilson,WilsLo00,0,3,3,1,13,4.3,4.3,0,84.7,1,3,10,5,0,1,0,1,10,0,0
2024_04_CIN_CAR,202409290car,2024,4,REG,CIN,CAR,Mike Hilton,HiltMi01,0,6,2,0.333,16,8,2.7,0,42.4,2.2,7,9,3,0,0,0,0,4,1,0.2
2024_04_CIN_CAR,202409290car,2024,4,REG,CIN,CAR,Geno Stone,StonGe00,0,1,1,1,8,8,8,1,139.6,8,8,0,1,0,0,0,0,5,0,0
2024_04_CIN_CAR,202409290car,2024,4,REG,CIN,CAR,Zachary Carter,CartZa00,0,0,0,,,,,,,,,,0,1,0,0,1,3,0,0
2024_04_CIN_CAR,202409290car,2024,4,REG,CIN,CAR,Joseph Ossai,OssaJo00,0,0,0,,,,,,,,,,0,0,1,0,1,4,0,0
2024_04_CIN_CAR,202409290car,2024,4,REG,CIN,CAR,Vonn Bell,BellVo00,1,0,0,,,,,,,,,,2,0,0,0,0,6,3,0.333
2024_04_CIN_CAR,202409290car,2024,4,REG,CIN,CAR,Daijahn Anthony,AnthDa00,0,1,0,0,,,0,,39.6,17,,,0,0,0,0,0,1,0,0
2024_04_CIN_CAR,202409290car,2024,4,REG,CIN,CAR,Akeem Davis-Gaither,DaviAk01,0,0,0,,,,,,,,,,2,0,0,0,0,2,1,0.333
2024_04_CIN_CAR,202409290car,2024,4,REG,CIN,CAR,Lawrence Guy,GuyxLa00,0,0,0,,,,,,,,,,0,0,0,0,0,1,1,0.5
2024_04_CIN_CAR,202409290car,2024,4,REG,CIN,CAR,Josh Newton,NewtJo00,0,1,0,0,,,0,,39.6,4,,,0,0,0,0,0,0,0,
2024_04_LA_CHI,202409290chi,2024,4,REG,CHI,LA,Jaquan Brisker,BrisJa01,1,5,4,0.8,66,16.5,13.2,0,79.2,15.8,61,5,1,0,0,1,1,12,0,0
2024_04_LA_CHI,202409290chi,2024,4,REG,CHI,LA,T.J. Edwards,EdwaTJ02,0,4,4,1,29,7.3,7.3,0,96.9,0,0,29,5,0,0,0,0,9,0,0
2024_04_LA_CHI,202409290chi,2024,4,REG,CHI,LA,Tyrique Stevenson,StevTy01,0,6,4,0.667,51,12.8,8.5,0,93.1,7.8,31,20,0,0,0,0,0,5,0,0
2024_04_LA_CHI,202409290chi,2024,4,REG,CHI,LA,Kyler Gordon,GordKy00,0,4,3,0.75,24,8,6,0,89.6,4.5,15,9,5,0,0,0,0,7,1,0.125
2024_04_LA_CHI,202409290chi,2024,4,REG,CHI,LA,Jaylon Johnson,JohnJa13,0,2,2,1,26,13,13,0,118.7,9,18,8,0,0,0,0,0,5,0,0
2024_04_LA_CHI,202409290chi,2024,4,REG,CHI,LA,Tremaine Edmunds,EdmuTr01,0,4,2,0.5,6,3,1.5,0,56.2,0,-6,12,2,0,0,0,0,2,0,0
2024_04_LA_CHI,202409290chi,2024,4,REG,CHI,LA,Kevin Byard,ByarKe01,0,3,1,0.333,22,22,7.3,0,60.4,10.3,18,4,0,0,0,0,0,7,0,0
2024_04_LA_CHI,202409290chi,2024,4,REG,CHI,LA,Montez Sweat,SweaMo00,0,0,0,,,,,,,,,,0,1,1,1,3,2,0,0
2024_04_LA_CHI,202409290chi,2024,4,REG,CHI,LA,Gervon Dexter,DextGe00,0,0,0,,,,,,,,,,0,0,1,1,2,2,0,0
2024_04_LA_CHI,202409290chi,2024,4,REG,CHI,LA,Darrell Taylor,TaylDa00,0,0,0,,,,,,,,,,0,0,1,0,1,1,0,0
2024_04_LA_CHI,202409290chi,2024,4,REG,CHI,LA,Austin Booker,BookAu00,0,0,0,,,,,,,,,,0,0,1,0,1,2,0,0
2024_04_LA_CHI,202409290chi,2024,4,REG,CHI,LA,Byron Cowart,CowaBy00,0,0,0,,,,,,,,,,0,0,0,0,0,0,1,1
2024_04_LA_CHI,202409290chi,2024,4,REG,CHI,LA,Jack Sanborn,SanbJa00,0,1,0,0,,,0,,39.6,8,,,0,0,0,0,0,1,0,0
2024_04_LA_CHI,202409290chi,2024,4,REG,LA,CHI,Christian Rozeboom,RozeCh00,0,5,5,1,44,8.8,8.8,1,142.9,3.2,16,28,0,0,0,0,0,11,0,0
2024_04_LA_CHI,202409290chi,2024,4,REG,LA,CHI,Troy Reeder,ReedTr01,0,4,4,1,47,11.8,11.8,0,115.6,6,24,23,2,0,0,0,0,7,1,0.125
2024_04_LA_CHI,202409290chi,2024,4,REG,LA,CHI,Cobie Durant,DuraDe01,0,5,3,0.6,19,6.3,3.8,0,67.9,10.4,13,6,0,0,0,0,0,2,1,0.333
2024_04_LA_CHI,202409290chi,2024,4,REG,LA,CHI,Tre'Davious White,WhitTr01,0,3,2,0.667,13,6.5,4.3,0,75.7,5.7,3,10,0,0,0,0,0,1,0,0
2024_04_LA_CHI,202409290chi,2024,4,REG,LA,CHI,Quentin Lake,LakeQu00,0,3,1,0.333,2,2,0.7,0,42.4,6,-2,4,1,0,0,1,1,6,1,0.143
2024_04_LA_CHI,202409290chi,2024,4,REG,LA,CHI,Kamren Kinchens,KincKa00,0,1,1,1,5,5,5,0,87.5,3,3,2,0,0,0,0,0,4,1,0.2
2024_04_LA_CHI,202409290chi,2024,4,REG,LA,CHI,Jared Verse,VersJa00,0,0,0,,,,,,,,,,5,2,1,0,3,4,0,0
2024_04_LA_CHI,202409290chi,2024,4,REG,LA,CHI,Braden Fiske,FiskBr00,0,0,0,,,,,,,,,,0,0,0,1,1,4,0,0
2024_04_LA_CHI,202409290chi,2024,4,REG,LA,CHI,Michael Hoecht,HoecMi00,0,0,0,,,,,,,,,,0,0,0,1,1,2,0,0
2024_04_LA_CHI,202409290chi,2024,4,REG,LA,CHI,Byron Young,YounBy01,0,1,0,0,,,0,,39.6,15,,,3,0,0,0,0,3,1,0.25
2024_04_MIN_GB,202409290gnb,2024,4,REG,GB,MIN,Eric Stokes,StokEr00,0,7,5,0.714,114,22.8,16.3,0,113.7,19.6,80,34,0,0,0,0,0,7,0,0
2024_04_MIN_GB,202409290gnb,2024,4,REG,GB,MIN,Keisean Nixon,NixoKe00,0,6,4,0.667,45,11.3,7.5,1,128.5,10,41,4,1,0,0,1,1,7,1,0.125
2024_04_MIN_GB,202409290gnb,2024,4,REG,GB,MIN,Isaiah McDuffie,McDuIs00,0,4,3,0.75,21,7,5.3,0,86.5,1.8,-2,23,1,0,0,0,0,7,0,0
2024_04_MIN_GB,202409290gnb,2024,4,REG,GB,MIN,Quay Walker,WalkQu00,0,2,2,1,20,10,10,0,108.3,2,4,16,3,0,0,1,1,8,1,0.111
2024_04_MIN_GB,202409290gnb,2024,4,REG,GB,MIN,Eric Wilson,WilsEr00,0,2,2,1,11,5.5,5.5,1,129.2,2.5,5,6,1,0,0,0,0,2,0,0
2024_04_MIN_GB,202409290gnb,2024,4,REG,GB,MIN,Corey Ballentine,BallCo00,0,3,2,0.667,43,21.5,14.3,1,149.3,14.3,32,11,0,0,0,0,0,2,0,0
2024_04_MIN_GB,202409290gnb,2024,4,REG,GB,MIN,Edgerrin Cooper,CoopEd00,0,1,1,1,12,12,12,0,116.7,-5,-5,17,0,0,0,0,0,4,0,0
2024_04_MIN_GB,202409290gnb,2024,4,REG,GB,MIN,Javon Bullard,BullJa00,0,1,1,1,9,9,9,0,104.2,5,5,4,1,0,0,0,0,4,1,0.2
2024_04_MIN_GB,202409290gnb,2024,4,REG,GB,MIN,Tedarrell Slaton,SlatTe00,0,0,0,,,,,,,,,,0,0,1,0,1,2,0,0
2024_04_MIN_GB,202409290gnb,2024,4,REG,GB,MIN,Xavier McKinney,McKiXa00,1,1,0,0,,,0,,0,18,,,1,1,0,0,1,4,0,0
2024_04_MIN_GB,202409290gnb,2024,4,REG,GB,MIN,Preston Smith,SmitPr00,0,0,0,,,,,,,,,,0,1,0,0,1,2,0,0
2024_04_MIN_GB,202409290gnb,2024,4,REG,GB,MIN,Rashan Gary,GaryRa00,0,0,0,,,,,,,,,,0,1,0,0,1,4,0,0
2024_04_MIN_GB,202409290gnb,2024,4,REG,GB,MIN,Kingsley Enagbare,EnagKi00,0,0,0,,,,,,,,,,0,1,0,0,1,0,0,
2024_04_MIN_GB,202409290gnb,2024,4,REG,GB,MIN,Lukas Van Ness,VanNLu00,0,0,0,,,,,,,,,,0,1,0,0,1,3,0,0
2024_04_MIN_GB,202409290gnb,2024,4,REG,GB,MIN,Kenny Clark,ClarKe01,0,0,0,,,,,,,,,,0,1,0,0,1,4,0,0
2024_04_MIN_GB,202409290gnb,2024,4,REG,GB,MIN,Karl Brooks,BrooKa00,0,0,0,,,,,,,,,,0,1,0,0,1,2,0,0
2024_04_MIN_GB,202409290gnb,2024,4,REG,MIN,GB,Byron Murphy,MurpBy00,1,13,11,0.846,133,12.1,10.2,1,102.9,10.9,74,59,0,0,0,0,0,7,2,0.222
2024_04_MIN_GB,202409290gnb,2024,4,REG,MIN,GB,Blake Cashman,CashBl00,0,8,6,0.75,66,11,8.3,1,138.5,8.4,40,26,8,1,2,0,3,11,0,0
2024_04_MIN_GB,202409290gnb,2024,4,REG,MIN,GB,Shaquill Griffin,GrifSh00,1,8,4,0.5,49,12.3,6.1,0,29.7,14.8,45,4,0,0,0,0,0,3,0,0
2024_04_MIN_GB,202409290gnb,2024,4,REG,MIN,GB,Andrew Van Ginkel,VanGAn00,0,3,3,1,23,7.7,7.7,0,98.6,4.3,13,10,6,1,0,0,1,4,0,0
2024_04_MIN_GB,202409290gnb,2024,4,REG,MIN,GB,Harrison Smith,SmitHa00,0,4,3,0.75,58,19.3,14.5,1,156.2,14.5,41,17,3,1,0,0,1,4,1,0.2
2024_04_MIN_GB,202409290gnb,2024,4,REG,MIN,GB,Camryn Bynum,BynuCa00,0,5,2,0.4,28,14,5.6,1,98.3,10.6,12,16,0,0,0,0,0,7,0,0
2024_04_MIN_GB,202409290gnb,2024,4,REG,MIN,GB,Jonathan Greenard,GreeJo04,0,2,1,0.5,3,3,1.5,0,56.2,-7,-6,9,8,4,1,0,5,5,1,0.167
2024_04_MIN_GB,202409290gnb,2024,4,REG,MIN,GB,Patrick Jones II,JonePa00,0,1,1,1,8,8,8,0,100,0,0,8,5,2,1,1,4,3,2,0.4
2024_04_MIN_GB,202409290gnb,2024,4,REG,MIN,GB,Josh Metellus,MeteJo00,0,3,1,0.333,21,21,7,0,59,20,15,6,2,0,0,0,0,5,0,0
2024_04_MIN_GB,202409290gnb,2024,4,REG,MIN,GB,Jihad Ward,WardJi02,0,0,0,,,,,,,,,,0,1,2,0,3,0,0,
2024_04_MIN_GB,202409290gnb,2024,4,REG,MIN,GB,Jonathan Bullard,BullJo00,0,0,0,,,,,,,,,,0,0,2,0,2,3,0,0
2024_04_MIN_GB,202409290gnb,2024,4,REG,MIN,GB,Harrison Phillips,PhilHa00,0,0,0,,,,,,,,,,0,0,1,0,1,6,1,0.143
2024_04_MIN_GB,202409290gnb,2024,4,REG,MIN,GB,Stephon Gilmore,GilmSt00,0,3,0,0,,,0,,39.6,13,,,0,0,0,0,0,0,0,
2024_04_MIN_GB,202409290gnb,2024,4,REG,MIN,GB,Kamu Grugier-Hill,GrugKa00,1,3,0,0,,,0,,0,2,,,5,0,0,0,0,2,0,0
2024_04_MIN_GB,202409290gnb,2024,4,REG,MIN,GB,Dallas Turner,TurnDa01,0,1,0,0,,,0,,39.6,15,,,3,0,0,0,0,0,0,
2024_04_JAX_HOU,202409290htx,2024,4,REG,HOU,JAX,Derek Stingley Jr.,StinDe00,0,6,4,0.667,16,4,2.7,0,70.1,7.7,7,9,1,0,0,0,0,4,0,0
2024_04_JAX_HOU,202409290htx,2024,4,REG,HOU,JAX,Eric Murray,MurrEr00,0,5,3,0.6,22,7.3,4.4,1,110,8,19,3,3,0,0,1,1,4,1,0.2
2024_04_JAX_HOU,202409290htx,2024,4,REG,HOU,JAX,Kamari Lassiter,LassKa00,0,5,3,0.6,67,22.3,13.4,0,104.2,19.6,55,12,0,0,0,0,0,6,0,0
2024_04_JAX_HOU,202409290htx,2024,4,REG,HOU,JAX,Jalen Pitre,PitrJa00,0,7,3,0.429,32,10.7,4.6,1,96.4,12.4,27,5,4,0,0,0,0,4,1,0.2
2024_04_JAX_HOU,202409290htx,2024,4,REG,HOU,JAX,Henry To'oTo'o,TooTHe00,0,3,3,1,20,6.7,6.7,0,94.4,4,12,8,5,0,0,0,0,7,1,0.125
2024_04_JAX_HOU,202409290htx,2024,4,REG,HOU,JAX,Azeez Al-Shaair,AlShAz00,0,3,2,0.667,13,6.5,4.3,0,75.7,2.7,4,9,3,0,1,0,1,4,0,0
2024_04_JAX_HOU,202409290htx,2024,4,REG,HOU,JAX,Calen Bullock,BullCa00,0,3,1,0.333,11,11,3.7,0,45.1,29.3,3,8,0,0,0,0,0,5,1,0.167
2024_04_JAX_HOU,202409290htx,2024,4,REG,HOU,JAX,Will Anderson,AndeWi01,0,0,0,,,,,,,,,,1,3,0,0,3,2,0,0
2024_04_JAX_HOU,202409290htx,2024,4,REG,HOU,JAX,Danielle Hunter,HuntDa01,0,0,0,,,,,,,,,,1,0,1,0,1,2,0,0
2024_04_JAX_HOU,202409290htx,2024,4,REG,HOU,JAX,D'Angelo Ross,RossDA03,0,0,0,,,,,,,,,,1,0,0,0,0,1,0,0
2024_04_JAX_HOU,202409290htx,2024,4,REG,HOU,JAX,M.J. Stewart,StewM.00,0,0,0,,,,,,,,,,1,0,0,0,0,0,0,
2024_04_JAX_HOU,202409290htx,2024,4,REG,JAX,HOU,Ronald Darby,DarbRo00,0,10,10,1,123,12.3,12.3,0,117.9,8.1,62,61,0,0,0,0,0,7,0,0
2024_04_JAX_HOU,202409290htx,2024,4,REG,JAX,HOU,Montaric Brown,BrowMo00,0,11,5,0.455,57,11.4,5.2,0,61.6,12.3,42,15,0,0,0,0,0,8,1,0.111
2024_04_JAX_HOU,202409290htx,2024,4,REG,JAX,HOU,Ventrell Miller,MillVe00,0,5,4,0.8,41,10.3,8.2,0,100.8,2.4,17,24,0,0,0,0,0,11,1,0.083
2024_04_JAX_HOU,202409290htx,2024,4,REG,JAX,HOU,Andre Cisco,CiscAn00,0,4,3,0.75,36,12,9,1,141.7,9.3,26,10,1,0,0,0,0,4,1,0.2
2024_04_JAX_HOU,202409290htx,2024,4,REG,JAX,HOU,Antonio Johnson,JohnAn07,0,4,3,0.75,47,15.7,11.8,1,153.1,8.3,21,26,0,0,0,0,0,5,1,0.167
2024_04_JAX_HOU,202409290htx,2024,4,REG,JAX,HOU,Chad Muma,MumaCh00,0,2,2,1,14,7,7,0,95.8,3.5,7,7,1,0,0,0,0,8,0,0
2024_04_JAX_HOU,202409290htx,2024,4,REG,JAX,HOU,Jarrian Jones,JoneJa14,0,3,2,0.667,27,13.5,9,0,95.1,1.7,5,22,0,0,0,0,0,4,0,0
2024_04_JAX_HOU,202409290htx,2024,4,REG,JAX,HOU,Josh Hines-Allen,AlleJo03,0,0,0,,,,,,,,,,0,2,3,0,5,3,0,0
2024_04_JAX_HOU,202409290htx,2024,4,REG,JAX,HOU,Travon Walker,WalkTr03,0,0,0,,,,,,,,,,0,1,1,0,2,1,0,0
2024_04_JAX_HOU,202409290htx,2024,4,REG,JAX,HOU,Roy Robertson-Harris,RobeRo00,0,0,0,,,,,,,,,,0,0,1,1,2,2,0,0
2024_04_JAX_HOU,202409290htx,2024,4,REG,JAX,HOU,Jeremiah Ledbetter,LedbJe00,0,0,0,,,,,,,,,,0,0,0,1,1,1,0,0
2024_04_JAX_HOU,202409290htx,2024,4,REG,JAX,HOU,Maason Smith,SmitMa07,0,0,0,,,,,,,,,,0,1,0,0,1,3,0,0
2024_04_JAX_HOU,202409290htx,2024,4,REG,JAX,HOU,Esezi Otomewo,OtomEs00,0,0,0,,,,,,,,,,0,1,0,0,1,0,0,
2024_04_JAX_HOU,202409290htx,2024,4,REG,JAX,HOU,DaVon Hamilton,HamiDa02,0,0,0,,,,,,,,,,0,1,0,0,1,2,0,0
2024_04_JAX_HOU,202409290htx,2024,4,REG,JAX,HOU,Arik Armstead,ArmsAr01,0,0,0,,,,,,,,,,0,1,0,0,1,2,0,0
2024_04_PIT_IND,202409290clt,2024,4,REG,IND,PIT,Jaylon Jones,JoneJa13,0,8,6,0.75,88,14.7,11,0,110.4,14.6,70,18,0,0,0,0,0,5,2,0.286
2024_04_PIT_IND,202409290clt,2024,4,REG,IND,PIT,Chris Lammons,LammCh00,0,6,5,0.833,65,13,10.8,1,151.4,4.3,27,38,1,1,0,1,2,5,2,0.286
2024_04_PIT_IND,202409290clt,2024,4,REG,IND,PIT,E.J. Speed,SpeeEJ00,0,6,5,0.833,58,11.6,9.7,0,106.9,1.8,21,37,2,0,0,0,0,13,1,0.071
2024_04_PIT_IND,202409290clt,2024,4,REG,IND,PIT,Zaire Franklin,FranZa00,0,3,2,0.667,15,7.5,5,0,78.5,1.7,9,6,1,0,0,0,0,9,1,0.1
2024_04_PIT_IND,202409290clt,2024,4,REG,IND,PIT,Julian Blackmon,BlacJu01,0,1,1,1,38,38,38,0,118.7,31,31,7,2,0,0,0.5,1,6,0,0
2024_04_PIT_IND,202409290clt,2024,4,REG,IND,PIT,Samuel Womack,WomaSa00,0,4,1,0.25,11,11,2.8,0,39.6,11.3,0,11,0,0,0,0,0,1,0,0
2024_04_PIT_IND,202409290clt,2024,4,REG,IND,PIT,Nick Cross,CrosNi00,0,2,1,0.5,5,5,2.5,0,56.2,2,2,3,1,0,0,0,0,8,2,0.2
2024_04_PIT_IND,202409290clt,2024,4,REG,IND,PIT,Jaylon Carlies,CarlJa01,0,2,1,0.5,32,32,16,0,95.8,-3.5,-4,36,1,0,0,0,0,4,0,0
2024_04_PIT_IND,202409290clt,2024,4,REG,IND,PIT,Dayo Odeyingbo,OdeyDa00,0,0,0,,,,,,,,,,0,1,0,1.5,3,3,0,0
2024_04_PIT_IND,202409290clt,2024,4,REG,IND,PIT,Tyquan Lewis,LewiTy00,0,0,0,,,,,,,,,,0,1,1,0.5,3,2,0,0
2024_04_PIT_IND,202409290clt,2024,4,REG,IND,PIT,Laiatu Latu,LatuLa00,0,0,0,,,,,,,,,,0,2,1,0,3,1,0,0
2024_04_PIT_IND,202409290clt,2024,4,REG,IND,PIT,Grover Stewart,StewGr00,0,0,0,,,,,,,,,,0,0,0,0.5,1,2,1,0.333
2024_04_PIT_IND,202409290clt,2024,4,REG,IND,PIT,Adetomiwa Adebawore,AdebAd00,0,0,0,,,,,,,,,,0,0,1,0,1,1,1,0.5
2024_04_PIT_IND,202409290clt,2024,4,REG,IND,PIT,Alec Pierce,PierAl00,0,1,0,0,,,0,,39.6,,,,0,0,0,0,0,0,0,
2024_04_PIT_IND,202409290clt,2024,4,REG,IND,PIT,Isaiah Land,LandIs00,0,0,0,,,,,,,,,,0,0,0,0,0,0,1,1
2024_04_PIT_IND,202409290clt,2024,4,REG,IND,PIT,Dallis Flowers,FlowDa00,0,0,0,,,,,,,,,,0,0,0,0,0,1,1,0.5
2024_04_PIT_IND,202409290clt,2024,4,REG,PIT,IND,Patrick Queen,QueePa00,0,4,4,1,40,10,10,2,147.9,3.8,15,25,3,0,1,0,1,7,2,0.222
2024_04_PIT_IND,202409290clt,2024,4,REG,PIT,IND,Donte Jackson,JackDo02,0,8,4,0.5,49,12.3,6.1,0,69.3,18.5,29,20,0,0,0,0,0,3,1,0.25
2024_04_PIT_IND,202409290clt,2024,4,REG,PIT,IND,Joey Porter Jr.,PortJo02,0,5,3,0.6,45,15,9,0,89.6,10.2,29,16,0,0,0,0,0,4,1,0.2
2024_04_PIT_IND,202409290clt,2024,4,REG,PIT,IND,DeShon Elliott,ElliDe02,0,4,3,0.75,13,4.3,3.3,0,78.1,2,10,3,2,0,0,0,0,12,0,0
2024_04_PIT_IND,202409290clt,2024,4,REG,PIT,IND,Minkah Fitzpatrick,FitzMi00,0,3,3,1,61,20.3,20.3,0,118.7,16.7,50,11,0,0,0,0,0,9,0,0
2024_04_PIT_IND,202409290clt,2024,4,REG,PIT,IND,Payton Wilson,WilsPa00,0,1,1,1,13,13,13,0,118.7,5,5,8,3,0,0,0,0,6,0,0
2024_04_PIT_IND,202409290clt,2024,4,REG,PIT,IND,Elandon Roberts,RobeEl00,0,1,1,1,10,10,10,0,108.3,1,1,9,0,0,0,0,0,3,0,0
2024_04_PIT_IND,202409290clt,2024,4,REG,PIT,IND,Nick Herbig,HerbNi00,0,1,1,1,25,25,25,0,118.7,14,14,11,6,0,0,0,0,2,0,0
2024_04_PIT_IND,202409290clt,2024,4,REG,PIT,IND,Cameron Heyward,HeywCa01,0,0,0,,,,,,,,,,0,0,1,1,3,6,0,0
2024_04_PIT_IND,202409290clt,2024,4,REG,PIT,IND,Larry Ogunjobi,OgunLa00,0,0,0,,,,,,,,,,0,0,0,0.5,1,6,1,0.143
2024_04_PIT_IND,202409290clt,2024,4,REG,PIT,IND,DeMarvin Leal,LealDe00,0,0,0,,,,,,,,,,0,0,1,0,1,1,0,0
2024_04_PIT_IND,202409290clt,2024,4,REG,PIT,IND,Beanie Bishop,BishBe00,0,2,0,0,,,0,,39.6,14.5,,,1,0,0,0.5,1,1,1,0.5
2024_04_PIT_IND,202409290clt,2024,4,REG,PIT,IND,Keeanu Benton,BentKe00,0,0,0,,,,,,,,,,0,0,1,0,1,3,0,0
2024_04_PIT_IND,202409290clt,2024,4,REG,PIT,IND,T.J. Watt,WattT.00,0,0,0,,,,,,,,,,10,0,0,0,0,2,1,0.333
2024_04_DEN_NYJ,202409290nyj,2024,4,REG,NYJ,DEN,Jamien Sherwood,SherJa00,0,4,4,1,14,3.5,3.5,1,120.8,2,8,6,2,0,0,0,0,7,0,0
2024_04_DEN_NYJ,202409290nyj,2024,4,REG,NYJ,DEN,Quincy Williams,WillQu01,0,3,3,1,-1,-0.3,-0.3,0,79.2,-5,-15,14,6,0,0,0,0,7,0,0
2024_04_DEN_NYJ,202409290nyj,2024,4,REG,NYJ,DEN,Sauce Gardner,GardSa00,0,2,1,0.5,29,29,14.5,0,95.8,24.5,25,4,2,1,0,0,1,5,1,0.167
2024_04_DEN_NYJ,202409290nyj,2024,4,REG,NYJ,DEN,D.J. Reed,ReedD.00,0,7,1,0.143,-4,-4,-0.6,0,39.6,17,-4,0,0,0,0,0,0,3,0,0
2024_04_DEN_NYJ,202409290nyj,2024,4,REG,NYJ,DEN,Chazz Surratt,SurrCh00,0,1,1,1,23,23,23,0,118.7,14,14,9,1,0,0,0,0,2,1,0.333
2024_04_DEN_NYJ,202409290nyj,2024,4,REG,NYJ,DEN,Ashtyn Davis,DaviAs00,0,1,1,1,-1,-1,-1,0,79.2,-2,-2,1,0,0,0,0,0,1,0,0
2024_04_DEN_NYJ,202409290nyj,2024,4,REG,NYJ,DEN,Tony Adams,AdamTo03,0,2,1,0.5,0,0,0,0,56.2,13,0,0,0,0,0,0,0,11,1,0.083
2024_04_DEN_NYJ,202409290nyj,2024,4,REG,NYJ,DEN,Will McDonald,McDoWi00,0,0,0,,,,,,,,,,0,2,1,0,3,0,2,1
2024_04_DEN_NYJ,202409290nyj,2024,4,REG,NYJ,DEN,Micheal Clemons,ClemMi03,0,0,0,,,,,,,,,,0,1,0,0,1,2,0,0
2024_04_DEN_NYJ,202409290nyj,2024,4,REG,NYJ,DEN,Takkarist McKinley,McKiTa00,0,0,0,,,,,,,,,,0,0,1,0,1,2,0,0
2024_04_DEN_NYJ,202409290nyj,2024,4,REG,NYJ,DEN,Javon Kinlaw,KinlJa00,0,0,0,,,,,,,,,,0,1,0,0,1,1,0,0
2024_04_DEN_NYJ,202409290nyj,2024,4,REG,NYJ,DEN,Chuck Clark,ClarCh00,0,1,0,0,,,0,,39.6,0,,,0,0,0,0,0,7,1,0.125
2024_04_DEN_NYJ,202409290nyj,2024,4,REG,NYJ,DEN,Michael Carter II,CartMi02,0,4,0,0,,,0,,39.6,11.5,,,1,0,0,0,0,1,1,0.5
2024_04_DEN_NYJ,202409290nyj,2024,4,REG,NYJ,DEN,Quinnen Williams,WillQu00,0,0,0,,,,,,,,,,0,0,0,0,0,1,1,0.5
2024_04_DEN_NYJ,202409290nyj,2024,4,REG,DEN,NYJ,P.J. Locke,LockPJ00,0,7,6,0.857,66,11,9.4,0,106,10.4,53,13,4,0,0,1,1,10,0,0
2024_04_DEN_NYJ,202409290nyj,2024,4,REG,DEN,NYJ,Riley Moss,MossRi00,0,10,5,0.5,54,10.8,5.4,0,66.2,12.5,39,15,0,0,0,0,0,8,0,0
2024_04_DEN_NYJ,202409290nyj,2024,4,REG,DEN,NYJ,Ja'Quan McMillian,McMiJa00,0,11,5,0.455,45,9,4.1,0,57,4.9,22,23,4,0,0,0,0,6,0,0
2024_04_DEN_NYJ,202409290nyj,2024,4,REG,DEN,NYJ,Patrick Surtain II,SurtPa01,0,4,3,0.75,23,7.7,5.8,0,88.5,6,18,5,0,0,0,0,0,2,0,0
2024_04_DEN_NYJ,202409290nyj,2024,4,REG,DEN,NYJ,Justin Strnad,StrnJu00,0,3,2,0.667,16,8,5.3,0,79.9,6.7,-1,17,7,0,0,1,1,4,0,0
2024_04_DEN_NYJ,202409290nyj,2024,4,REG,DEN,NYJ,Jonathon Cooper,CoopJo02,0,1,1,1,4,4,4,0,83.3,-3,-3,7,5,1,2,0,3,3,1,0.25
2024_04_DEN_NYJ,202409290nyj,2024,4,REG,DEN,NYJ,Levi Wallace,WallLe00,0,1,1,1,5,5,5,0,87.5,1,1,4,0,0,0,0,0,2,0,0
2024_04_DEN_NYJ,202409290nyj,2024,4,REG,DEN,NYJ,Cody Barton,BartCo00,0,2,1,0.5,12,12,6,0,68.7,0.5,0,12,8,0,0,0,0,10,0,0
2024_04_DEN_NYJ,202409290nyj,2024,4,REG,DEN,NYJ,Zach Allen,AlleZa01,0,0,0,,,,,,,,,,0,0,3,0,3,5,0,0
2024_04_DEN_NYJ,202409290nyj,2024,4,REG,DEN,NYJ,Nik Bonitto,BoniNi00,0,0,0,,,,,,,,,,3,1,1,1,3,3,1,0.25
2024_04_DEN_NYJ,202409290nyj,2024,4,REG,DEN,NYJ,John Franklin-Myers,FranJo02,0,0,0,,,,,,,,,,1,0,1,1,2,3,0,0
2024_04_DEN_NYJ,202409290nyj,2024,4,REG,DEN,NYJ,Malcolm Roach,RoacMa01,0,0,0,,,,,,,,,,0,0,1,0.5,2,3,0,0
2024_04_DEN_NYJ,202409290nyj,2024,4,REG,DEN,NYJ,Jonah Elliss,ElliJo03,0,1,0,0,,,0,,39.6,0,,,3,0,0,0.5,1,3,0,0
2024_04_DEN_NYJ,202409290nyj,2024,4,REG,DEN,NYJ,Brandon Jones,JoneBr06,0,1,0,0,,,0,,39.6,10,,,2,0,0,0,0,5,0,0
2024_04_DEN_NYJ,202409290nyj,2024,4,REG,DEN,NYJ,Dondrea Tillman,TillDo00,0,0,0,,,,,,,,,,1,0,0,0,0,2,0,0
2024_04_PHI_TB,202409290tam,2024,4,REG,TB,PHI,Lavonte David,DaviLa00,0,7,5,0.714,26,5.2,3.7,0,77.1,6.3,14,12,3,0,0,2,2,8,0,0
2024_04_PHI_TB,202409290tam,2024,4,REG,TB,PHI,Jamel Dean,DeanJa00,0,6,3,0.5,52,17.3,8.7,0,79.9,14,27,25,0,0,0,0,0,5,1,0.167
2024_04_PHI_TB,202409290tam,2024,4,REG,TB,PHI,Zyon McCollum,McCoZy02,0,5,3,0.6,10,3.3,2,1,104.2,5.8,1,9,0,0,0,0,0,3,0,0
2024_04_PHI_TB,202409290tam,2024,4,REG,TB,PHI,Tykee Smith,SmitTy05,0,2,2,1,10,5,5,0,87.5,3.5,7,3,4,0,1,0,1,1,0,0
2024_04_PHI_TB,202409290tam,2024,4,REG,TB,PHI,Jordan Whitehead,WhitJo03,0,3,2,0.667,35,17.5,11.7,0,106.2,8.3,23,12,4,0,0,0,0,6,0,0
2024_04_PHI_TB,202409290tam,2024,4,REG,TB,PHI,K.J. Britt,BritKJ00,0,2,2,1,14,7,7,0,95.8,6.5,13,1,5,0,0,0,0,6,0,0
2024_04_PHI_TB,202409290tam,2024,4,REG,TB,PHI,Anthony Nelson,NelsAn01,0,1,1,1,7,7,7,0,95.8,6,6,1,1,0,0,1,1,4,0,0
2024_04_PHI_TB,202409290tam,2024,4,REG,TB,PHI,Christian Izien,IzieCh00,0,2,1,0.5,9,9,4.5,0,62.5,10.5,6,3,1,0,0,0,0,3,0,0
2024_04_PHI_TB,202409290tam,2024,4,REG,TB,PHI,YaYa Diaby,DiabYa00,0,1,0,0,,,0,,39.6,-7,,,2,1,0,1,2,2,0,0
2024_04_PHI_TB,202409290tam,2024,4,REG,TB,PHI,Chris Braswell,BrasCh01,0,0,0,,,,,,,,,,4,1,1,0,2,3,0,0
2024_04_PHI_TB,202409290tam,2024,4,REG,TB,PHI,Logan Hall,HallLo00,0,0,0,,,,,,,,,,0,0,0,1,1,3,0,0
2024_04_PHI_TB,202409290tam,2024,4,REG,TB,PHI,Greg Gaines,GainGr00,0,0,0,,,,,,,,,,0,1,0,0,1,1,0,0
2024_04_PHI_TB,202409290tam,2024,4,REG,TB,PHI,Joe Tryon-Shoyinka,TryoJo00,0,1,0,0,,,0,,39.6,33,,,2,1,0,0,1,1,0,0
2024_04_PHI_TB,202409290tam,2024,4,REG,TB,PHI,Vita Vea,VeaxVi00,0,0,0,,,,,,,,,,0,0,0,1,1,3,0,0
2024_04_PHI_TB,202409290tam,2024,4,REG,TB,PHI,Markees Watts,WattMa00,0,0,0,,,,,,,,,,2,0,0,0,0,0,0,
2024_04_PHI_TB,202409290tam,2024,4,REG,PHI,TB,Quinyon Mitchell,MitcQu00,0,8,5,0.625,73,14.6,9.1,0,92.2,11,51,22,0,0,0,0,0,6,0,0
2024_04_PHI_TB,202409290tam,2024,4,REG,PHI,TB,Darius Slay,SlayDa00,0,9,5,0.556,45,9,5,1,106.2,9.1,40,5,0,0,0,0,0,9,0,0
2024_04_PHI_TB,202409290tam,2024,4,REG,PHI,TB,Reed Blankenship,BlanRe00,0,5,4,0.8,38,9.5,7.6,0,98.3,6.4,21,17,0,0,0,0,0,5,3,0.375
2024_04_PHI_TB,202409290tam,2024,4,REG,PHI,TB,Avonte Maddox,MaddAv00,0,6,4,0.667,44,11,7.3,0,88.2,0.8,1,43,1,0,0,0,0,5,1,0.167
2024_04_PHI_TB,202409290tam,2024,4,REG,PHI,TB,Nakobe Dean,DeanNa00,0,4,4,1,72,18,18,0,118.7,4.5,18,54,2,0,0,0,0,7,3,0.3
2024_04_PHI_TB,202409290tam,2024,4,REG,PHI,TB,C.J. Gardner-Johnson,GardCh00,0,6,3,0.5,25,8.3,4.2,1,100.7,7.8,7,18,0,0,0,0,0,2,0,0
2024_04_PHI_TB,202409290tam,2024,4,REG,PHI,TB,Bryce Huff,HuffBr00,0,2,2,1,18,9,9,0,104.2,1,2,16,2,1,0,0,1,1,0,0
2024_04_PHI_TB,202409290tam,2024,4,REG,PHI,TB,Nolan Smith,SmitNo02,0,1,1,1,10,10,10,0,108.3,7,7,3,2,0,0,0,0,5,1,0.167
2024_04_PHI_TB,202409290tam,2024,4,REG,PHI,TB,Tristin McCollum,McCoTr00,0,2,1,0.5,14,14,7,0,72.9,5,1,13,0,0,0,0,0,8,1,0.111
2024_04_PHI_TB,202409290tam,2024,4,REG,PHI,TB,Zack Baun,BaunZa00,0,4,1,0.25,8,8,2,0,39.6,2.8,4,4,9,0,0,0,0,6,0,0
2024_04_PHI_TB,202409290tam,2024,4,REG,PHI,TB,Brandon Graham,GrahBr99,0,0,0,,,,,,,,,,0,0,0,1,1,2,0,0
2024_04_PHI_TB,202409290tam,2024,4,REG,PHI,TB,Jalen Carter,CartJa05,0,0,0,,,,,,,,,,0,0,1,0,1,1,0,0
2024_04_PHI_TB,202409290tam,2024,4,REG,PHI,TB,Josh Sweat,SweaJo00,0,0,0,,,,,,,,,,2,0,0,1,1,1,0,0
2024_04_WAS_ARI,202409290crd,2024,4,REG,ARI,WAS,Budda Baker,BakeBu00,0,5,5,1,38,7.6,7.6,0,98.3,0.4,2,36,1,0,0,0,0,14,1,0.067
2024_04_WAS_ARI,202409290crd,2024,4,REG,ARI,WAS,Starling Thomas,ThomSt01,0,5,4,0.8,43,10.8,8.6,1,142.1,8,44,-1,0,0,0,0,0,2,0,0
2024_04_WAS_ARI,202409290crd,2024,4,REG,ARI,WAS,Sean Murphy-Bunting,BuntSe00,0,3,3,1,29,9.7,9.7,0,106.9,7.7,23,6,0,0,0,0,0,2,1,0.333
2024_04_WAS_ARI,202409290crd,2024,4,REG,ARI,WAS,Jalen Thompson,ThomJa04,0,3,3,1,36,12,12,0,116.7,10,30,6,0,0,0,0,0,9,1,0.1
2024_04_WAS_ARI,202409290crd,2024,4,REG,ARI,WAS,Julian Okwara,OkwaJu00,0,2,2,1,38,19,19,0,118.7,3,6,32,2,1,0,0,1,1,1,0.5
2024_04_WAS_ARI,202409290crd,2024,4,REG,ARI,WAS,Garrett Williams,WillGa00,1,4,2,0.5,2,1,0.5,0,16.7,13.3,-8,10,0,0,0,0,0,4,1,0.2
2024_04_WAS_ARI,202409290crd,2024,4,REG,ARI,WAS,Kyzir White,WhitKy00,0,3,2,0.667,11,5.5,3.7,0,72.9,3.3,4,7,2,0,0,0,0,9,1,0.1
2024_04_WAS_ARI,202409290crd,2024,4,REG,ARI,WAS,Max Melton,MeltMa00,0,2,2,1,8,4,4,0,83.3,4,8,0,0,0,0,0,0,3,0,0
2024_04_WAS_ARI,202409290crd,2024,4,REG,ARI,WAS,Mack Wilson,WilsMa03,0,1,1,1,16,16,16,0,118.7,5,5,11,4,0,0,0,0,6,0,0
2024_04_WAS_ARI,202409290crd,2024,4,REG,ARI,WAS,Dante Stills,StilDa01,0,1,1,1,3,3,3,0,79.2,-7,-7,10,0,0,0,0,0,3,0,0
2024_04_WAS_ARI,202409290crd,2024,4,REG,ARI,WAS,Dennis Gardeck,GardDe01,0,1,1,1,9,9,9,0,104.2,4,4,5,1,0,0,0,0,5,1,0.167
2024_04_WAS_ARI,202409290crd,2024,4,REG,ARI,WAS,Bilal Nichols,NichBi00,0,0,0,,,,,,,,,,0,0,1,0,1,4,1,0.2
2024_04_WAS_ARI,202409290crd,2024,4,REG,ARI,WAS,Angelo Blackson,BlacAn00,0,0,0,,,,,,,,,,0,1,0,0,1,1,0,0
2024_04_WAS_ARI,202409290crd,2024,4,REG,ARI,WAS,Owen Pappoe,PappOw00,0,0,0,,,,,,,,,,1,0,0,0,0,0,0,
2024_04_WAS_ARI,202409290crd,2024,4,REG,ARI,WAS,Xavier Thomas,ThomXa01,0,0,0,,,,,,,,,,1,0,0,0,0,0,0,
2024_04_WAS_ARI,202409290crd,2024,4,REG,ARI,WAS,Zaven Collins,CollZa00,0,0,0,,,,,,,,,,3,0,0,0,0,2,0,0
2024_04_WAS_ARI,202409290crd,2024,4,REG,WAS,ARI,Benjamin St-Juste,StJuBe00,0,4,4,1,43,10.8,10.8,0,111.5,9.3,37,6,0,0,0,0,0,4,0,0
2024_04_WAS_ARI,202409290crd,2024,4,REG,WAS,ARI,Dante Fowler,FowlDa00,0,2,2,1,18,9,9,0,104.2,-3,-6,24,4,0,0,0,0,1,1,0.5
2024_04_WAS_ARI,202409290crd,2024,4,REG,WAS,ARI,Emmanuel Forbes,ForbEm00,0,3,2,0.667,16,8,5.3,0,79.9,14,13,3,0,0,0,0,0,2,2,0.5
2024_04_WAS_ARI,202409290crd,2024,4,REG,WAS,ARI,Jeremy Chinn,ChinJe00,0,3,2,0.667,25,12.5,8.3,0,92.4,12,22,3,0,0,0,0,0,10,0,0
2024_04_WAS_ARI,202409290crd,2024,4,REG,WAS,ARI,Dorance Armstrong Jr.,ArmsDo00,0,1,1,1,0,0,0,0,79.2,0,0,0,0,2,1,1.5,5,5,0,0
2024_04_WAS_ARI,202409290crd,2024,4,REG,WAS,ARI,Bobby Wagner,WagnBo00,0,2,1,0.5,7,7,3.5,0,58.3,0.5,-2,9,1,1,0,0.5,2,11,0,0
2024_04_WAS_ARI,202409290crd,2024,4,REG,WAS,ARI,Frankie Luvu,LuvuFr00,0,3,1,0.333,10,10,3.3,0,43.7,4.3,3,7,4,0,0,0.5,1,7,1,0.125
2024_04_WAS_ARI,202409290crd,2024,4,REG,WAS,ARI,Noah Igbinoghene,IgbiNo00,0,2,1,0.5,2,2,1,1,95.8,3,2,0,0,0,0,0,0,3,0,0
2024_04_WAS_ARI,202409290crd,2024,4,REG,WAS,ARI,Quan Martin,MartJa04,0,1,1,1,9,9,9,0,104.2,6,6,3,1,0,0,0,0,4,0,0
2024_04_WAS_ARI,202409290crd,2024,4,REG,WAS,ARI,Mike Sainristil,SainMi00,0,2,1,0.5,12,12,6,0,68.7,9,4,8,0,0,0,0,0,2,0,0
2024_04_WAS_ARI,202409290crd,2024,4,REG,WAS,ARI,Jonathan Allen,AlleJo01,0,0,0,,,,,,,,,,0,0,0,1,1,5,0,0
2024_04_WAS_ARI,202409290crd,2024,4,REG,WAS,ARI,Daron Payne,PaynDa00,0,0,0,,,,,,,,,,0,0,0,0.5,1,2,0,0
2024_04_NE_SF,202409290sfo,2024,4,REG,SF,NE,Deommodore Lenoir,LenoDe00,0,9,5,0.556,30,6,3.3,1,99.3,4.8,10,20,2,0,0,0,0,3,1,0.25
2024_04_NE_SF,202409290sfo,2024,4,REG,SF,NE,Charvarius Ward,WardCh01,0,6,4,0.667,31,7.8,5.2,0,79.2,7.8,29,2,0,0,0,0,0,5,0,0
2024_04_NE_SF,202409290sfo,2024,4,REG,SF,NE,Demetrius Flannigan-Fowles,FlanDe00,0,3,3,1,59,19.7,19.7,0,118.7,2.3,7,52,3,0,0,0,0,4,1,0.2
2024_04_NE_SF,202409290sfo,2024,4,REG,SF,NE,Ji'Ayir Brown,BrowJi01,0,6,3,0.5,10,3.3,1.7,0,56.2,9.7,10,0,2,0,0,0,0,8,0,0
2024_04_NE_SF,202409290sfo,2024,4,REG,SF,NE,De'Vondre Campbell,CampDe00,0,4,2,0.5,16,8,4,0,60.4,-2,5,11,4,0,0,0,0,7,1,0.125
2024_04_NE_SF,202409290sfo,2024,4,REG,SF,NE,Malik Mustapha,MustMa00,0,2,1,0.5,7,7,3.5,0,58.3,-1,-3,10,2,0,0,0,0,5,1,0.167
2024_04_NE_SF,202409290sfo,2024,4,REG,SF,NE,Fred Warner,WarnFr00,1,1,1,1,11,11,11,0,72.9,4,4,7,1,0,0,0,0,7,0,0
2024_04_NE_SF,202409290sfo,2024,4,REG,SF,NE,Nick Bosa,BosaNi00,0,0,0,,,,,,,,,,0,5,1,1,7,5,1,0.167
2024_04_NE_SF,202409290sfo,2024,4,REG,SF,NE,Kevin Givens,GiveKe01,0,0,0,,,,,,,,,,0,0,0,2.5,3,3,0,0
2024_04_NE_SF,202409290sfo,2024,4,REG,SF,NE,Maliek Collins,CollMa00,0,0,0,,,,,,,,,,0,0,1,1.5,3,3,1,0.25
2024_04_NE_SF,202409290sfo,2024,4,REG,SF,NE,Leonard Floyd,FloyLe00,0,0,0,,,,,,,,,,0,0,3,0,3,4,0,0
2024_04_NE_SF,202409290sfo,2024,4,REG,SF,NE,Sam Okuayinonu,OkuaSa00,0,0,0,,,,,,,,,,0,0,1,0,1,2,0,0
2024_04_NE_SF,202409290sfo,2024,4,REG,SF,NE,Evan Anderson,AndeEv00,0,0,0,,,,,,,,,,0,0,0,1,1,2,0,0
2024_04_NE_SF,202409290sfo,2024,4,REG,SF,NE,Isaac Yiadom,YiadIs00,0,1,0,0,,,0,,39.6,6,,,0,0,0,0,0,1,0,0
2024_04_NE_SF,202409290sfo,2024,4,REG,NE,SF,Jahlani Tavai,TavaJa00,0,5,5,1,112,22.4,22.4,0,118.7,12.2,61,51,2,1,0,0,1,4,0,0
2024_04_NE_SF,202409290sfo,2024,4,REG,NE,SF,Marcus Jones,JoneMa06,0,4,2,0.5,57,28.5,14.3,1,135.4,14.3,50,7,0,0,0,0,0,2,0,0
2024_04_NE_SF,202409290sfo,2024,4,REG,NE,SF,Jaylinn Hawkins,HawkJa00,0,2,2,1,28,14,14,0,118.7,10.5,21,7,0,0,0,0,0,6,1,0.143
2024_04_NE_SF,202409290sfo,2024,4,REG,NE,SF,Christian Gonzalez,GonzCh00,0,5,2,0.4,12,6,2.4,0,47.9,18.4,10,2,0,0,0,0,0,6,0,0
2024_04_NE_SF,202409290sfo,2024,4,REG,NE,SF,Josh Uche,UcheJo00,0,1,1,1,12,12,12,0,116.7,5,5,7,4,0,1,0,1,3,1,0.25
2024_04_NE_SF,202409290sfo,2024,4,REG,NE,SF,Raekwon McMillan,McMiRa02,0,1,1,1,11,11,11,0,112.5,5,5,6,0,1,0,0,1,7,0,0
2024_04_NE_SF,202409290sfo,2024,4,REG,NE,SF,Jonathan Jones,JoneJo03,0,2,1,0.5,53,53,26.5,0,95.8,29.5,43,10,0,0,0,0,0,1,0,0
2024_04_NE_SF,202409290sfo,2024,4,REG,NE,SF,Jabrill Peppers,PeppJa00,1,3,1,0.333,3,3,1,0,2.8,12.3,2,1,2,0,0,0,0,7,1,0.125
2024_04_NE_SF,202409290sfo,2024,4,REG,NE,SF,Keion White,WhitKe03,0,0,0,,,,,,,,,,1,0,2,0,2,3,0,0
2024_04_NE_SF,202409290sfo,2024,4,REG,NE,SF,Deatrich Wise Jr.,WiseDe00,0,0,0,,,,,,,,,,0,0,0,1,1,6,0,0
2024_04_NE_SF,202409290sfo,2024,4,REG,NE,SF,Marco Wilson,WilsMa04,0,2,0,0,,,0,,39.6,8.5,,,0,0,0,0,0,1,1,0.5
2024_04_NE_SF,202409290sfo,2024,4,REG,NE,SF,Christian Elliss,ElliCh00,0,1,0,0,,,0,,39.6,16,,,2,0,0,0,0,3,0,0
2024_04_NE_SF,202409290sfo,2024,4,REG,NE,SF,Daniel Ekuale,EkuaDa00,0,0,0,,,,,,,,,,0,0,0,0,0,1,1,0.5
2024_04_KC_LAC,202409290sdg,2024,4,REG,LAC,KC,Tarheeb Still,StilTa00,0,7,5,0.714,23,4.6,3.3,0,75.3,1.1,11,12,1,0,0,0.5,1,5,1,0.167
2024_04_KC_LAC,202409290sdg,2024,4,REG,LAC,KC,Daiyan Henley,HenlDa00,0,4,4,1,42,10.5,10.5,0,110.4,4.5,18,24,1,0,0,0,0,7,0,0
2024_04_KC_LAC,202409290sdg,2024,4,REG,LAC,KC,Elijah Molden,MoldEl00,0,3,3,1,40,13.3,13.3,0,118.7,10.7,32,8,0,0,0,0,0,8,0,0
2024_04_KC_LAC,202409290sdg,2024,4,REG,LAC,KC,Denzel Perryman,PerrDe00,0,4,2,0.5,13,6.5,3.3,0,57.3,-1,8,5,1,0,0,0,0,8,3,0.273
2024_04_KC_LAC,202409290sdg,2024,4,REG,LAC,KC,Asante Samuel Jr.,SamuAs00,0,3,2,0.667,26,13,8.7,0,93.7,6.7,13,13,0,0,0,0,0,4,0,0
2024_04_KC_LAC,202409290sdg,2024,4,REG,LAC,KC,Troy Dye,DyexTr00,0,1,1,1,9,9,9,0,104.2,-2,-2,11,0,0,0,0.5,1,3,0,0
2024_04_KC_LAC,202409290sdg,2024,4,REG,LAC,KC,Kristian Fulton,FultKr00,1,3,1,0.333,54,54,18,1,81.9,26.3,54,0,0,0,0,0,0,2,0,0
2024_04_KC_LAC,202409290sdg,2024,4,REG,LAC,KC,AJ Finley,FinlAJ00,0,2,1,0.5,38,38,19,0,95.8,15,20,18,1,0,0,0,0,2,0,0
2024_04_KC_LAC,202409290sdg,2024,4,REG,LAC,KC,Bud Dupree,DuprAl00,0,1,0,0,,,0,,39.6,7,,,2,0,1,2,3,2,0,0
2024_04_KC_LAC,202409290sdg,2024,4,REG,LAC,KC,Tuli Tuipulotu,TuipTu00,0,0,0,,,,,,,,,,1,2,0,0,2,4,0,0
2024_04_KC_LAC,202409290sdg,2024,4,REG,LAC,KC,Morgan Fox,FoxxMo00,0,0,0,,,,,,,,,,0,1,0,0,1,1,0,0
2024_04_KC_LAC,202409290sdg,2024,4,REG,LAC,KC,Alohi Gilman,GilmAl00,0,0,0,,,,,,,,,,0,0,0,0,0,3,1,0.25
2024_04_KC_LAC,202409290sdg,2024,4,REG,KC,LAC,Trent McDuffie,McDuTr00,0,6,5,0.833,29,5.8,4.8,0,86.8,10.7,14,15,2,0,1,0,1,6,0,0
2024_04_KC_LAC,202409290sdg,2024,4,REG,KC,LAC,Bryan Cook,CookBr02,0,4,3,0.75,47,15.7,11.8,1,153.1,7.3,26,21,0,0,0,0,0,5,1,0.167
2024_04_KC_LAC,202409290sdg,2024,4,REG,KC,LAC,Drue Tranquill,TranDr00,0,2,2,1,22,11,11,0,112.5,2,4,18,3,0,1,0,1,10,2,0.167
2024_04_KC_LAC,202409290sdg,2024,4,REG,KC,LAC,Nick Bolton,BoltNi00,0,3,2,0.667,14,7,4.7,0,77.1,6.3,-2,16,2,0,0,0,0,5,0,0
2024_04_KC_LAC,202409290sdg,2024,4,REG,KC,LAC,Chamarri Conner,ConnCh01,0,2,2,1,43,21.5,21.5,0,118.7,6.5,13,30,2,0,0,0,0,3,1,0.25
2024_04_KC_LAC,202409290sdg,2024,4,REG,KC,LAC,Leo Chenal,ChenLe00,0,2,1,0.5,2,2,1,0,56.2,-1,0,2,1,0,0,0,0,3,0,0
2024_04_KC_LAC,202409290sdg,2024,4,REG,KC,LAC,Justin Reid,ReidJu00,0,1,1,1,22,22,22,0,118.7,-4,-4,26,2,0,0,0,0,1,1,0.5
2024_04_KC_LAC,202409290sdg,2024,4,REG,KC,LAC,Chris Jones,JoneCh09,0,0,0,,,,,,,,,,0,0,1,2,3,4,0,0
2024_04_KC_LAC,202409290sdg,2024,4,REG,KC,LAC,Tershawn Wharton,WharTe00,0,0,0,,,,,,,,,,0,1,1,0,2,0,0,
2024_04_KC_LAC,202409290sdg,2024,4,REG,KC,LAC,Felix Anudike-Uzomah,AnudFe00,0,0,0,,,,,,,,,,0,0,2,0,2,2,0,0
2024_04_KC_LAC,202409290sdg,2024,4,REG,KC,LAC,Malik Herring,HerrMa02,0,0,0,,,,,,,,,,0,0,1,0,1,2,0,0
2024_04_KC_LAC,202409290sdg,2024,4,REG,KC,LAC,George Karlaftis III,KarlGe00,0,1,0,0,,,0,,39.6,6,,,0,0,1,0,1,3,0,0
2024_04_KC_LAC,202409290sdg,2024,4,REG,KC,LAC,Nazeeh Johnson,JohnNa01,0,1,0,0,,,0,,39.6,23,,,0,0,0,0,0,2,0,0
2024_04_KC_LAC,202409290sdg,2024,4,REG,KC,LAC,Jaylen Watson,WatsJa02,0,5,0,0,,,0,,39.6,8.2,,,0,0,0,0,0,3,1,0.25
2024_04_CLE_LV,202409290rai,2024,4,REG,LV,CLE,Jack Jones,JoneJa10,0,6,4,0.667,32,8,5.3,0,79.9,12.5,19,13,0,0,0,0,0,4,0,0
2024_04_CLE_LV,202409290rai,2024,4,REG,LV,CLE,Nate Hobbs,HobbNa00,0,6,3,0.5,19,6.3,3.2,0,56.9,4.7,-1,20,0,0,0,0,0,4,2,0.333
2024_04_CLE_LV,202409290rai,2024,4,REG,LV,CLE,Robert Spillane,SpilRo00,0,3,3,1,8,2.7,2.7,1,118.7,1.7,5,3,1,0,0,0,0,12,0,0
2024_04_CLE_LV,202409290rai,2024,4,REG,LV,CLE,Luke Masterson,MastLu00,0,5,3,0.6,43,14.3,8.6,0,87.9,9.2,37,6,0,0,0,0,0,6,1,0.143
2024_04_CLE_LV,202409290rai,2024,4,REG,LV,CLE,Darnay Holmes,HolmDa01,0,2,2,1,14,7,7,0,95.8,2,4,10,0,0,0,0,0,1,1,0.5
2024_04_CLE_LV,202409290rai,2024,4,REG,LV,CLE,Tommy Eichenberg,EichTo00,0,2,2,1,10,5,5,0,87.5,0,0,10,0,0,0,0,0,3,0,0
2024_04_CLE_LV,202409290rai,2024,4,REG,LV,CLE,K'Lavon Chaisson,ChaiKL00,0,2,2,1,7,3.5,3.5,0,81.2,-2.5,-5,12,0,0,0,0,0,4,1,0.2
2024_04_CLE_LV,202409290rai,2024,4,REG,LV,CLE,Tre'von Moehrig,MoehTr00,1,2,2,1,21,10.5,10.5,0,70.8,7,14,7,2,0,0,0,0,5,0,0
2024_04_CLE_LV,202409290rai,2024,4,REG,LV,CLE,Amari Burney,BurnAm00,0,1,1,1,13,13,13,0,118.7,11,11,2,1,1,0,0,1,1,0,0
2024_04_CLE_LV,202409290rai,2024,4,REG,LV,CLE,Adam Butler,ButlAd00,0,1,1,1,5,5,5,0,87.5,-6,-6,11,0,0,1,0,1,6,1,0.143
2024_04_CLE_LV,202409290rai,2024,4,REG,LV,CLE,Jakorian Bennett,BennJa00,0,2,1,0.5,4,4,2,0,56.2,0,-4,8,0,0,0,0,0,3,0,0
2024_04_CLE_LV,202409290rai,2024,4,REG,LV,CLE,Charles Snowden,SnowCh00,0,0,0,,,,,,,,,,2,0,2,1,3,3,0,0
2024_04_CLE_LV,202409290rai,2024,4,REG,LV,CLE,Christian Wilkins,WilkCh00,0,0,0,,,,,,,,,,0,0,2,0.5,3,1,0,0
2024_04_CLE_LV,202409290rai,2024,4,REG,LV,CLE,Tyree Wilson,WilsTy01,0,0,0,,,,,,,,,,0,0,2,0,2,1,0,0
2024_04_CLE_LV,202409290rai,2024,4,REG,LV,CLE,Isaiah Pola-Mao,PolaIs00,0,0,0,,,,,,,,,,1,0,0,1,1,6,0,0
2024_04_CLE_LV,202409290rai,2024,4,REG,LV,CLE,Janarius Robinson,RobiJa04,0,0,0,,,,,,,,,,0,0,0,0.5,1,2,0,0
2024_04_CLE_LV,202409290rai,2024,4,REG,LV,CLE,John Jenkins,JenkJo00,0,0,0,,,,,,,,,,0,0,0,0,0,1,1,0.5
2024_04_CLE_LV,202409290rai,2024,4,REG,CLE,LV,Denzel Ward,WardDe02,0,8,4,0.5,53,13.3,6.6,0,71.4,9.8,17,36,0,0,0,0,0,1,4,0.8
2024_04_CLE_LV,202409290rai,2024,4,REG,CLE,LV,Martin Emerson,EmerMa00,0,5,4,0.8,32,8,6.4,0,93.3,1.2,28,4,0,0,0,0,0,6,1,0.143
2024_04_CLE_LV,202409290rai,2024,4,REG,CLE,LV,Devin Bush Jr.,BushDe01,0,3,2,0.667,22,11,7.3,0,88.2,2,7,15,7,1,0,0,1,4,0,0
2024_04_CLE_LV,202409290rai,2024,4,REG,CLE,LV,Cameron Mitchell,MitcCa01,0,2,2,1,10,5,5,0,87.5,0.5,1,9,0,0,0,0,0,1,2,0.667
2024_04_CLE_LV,202409290rai,2024,4,REG,CLE,LV,Grant Delpit,DelpGr00,0,1,1,1,0,0,0,0,79.2,-3,-3,3,1,0,0,0,0,5,1,0.167
2024_04_CLE_LV,202409290rai,2024,4,REG,CLE,LV,Ronnie Hickman,HickRo00,0,2,1,0.5,13,13,6.5,0,70.8,8,5,8,0,0,0,0,0,6,1,0.143
2024_04_CLE_LV,202409290rai,2024,4,REG,CLE,LV,Myles Garrett,GarrMy00,0,0,0,,,,,,,,,,0,0,1,2,3,3,0,0
2024_04_CLE_LV,202409290rai,2024,4,REG,CLE,LV,Quinton Jefferson,JeffQu00,0,0,0,,,,,,,,,,0,0,1,0,1,1,0,0
2024_04_CLE_LV,202409290rai,2024,4,REG,CLE,LV,Jeremiah Owusu-Koramoah,OwusJe00,0,1,0,0,,,0,,39.6,17,,,8,0,0,0,0,9,1,0.1
2024_04_CLE_LV,202409290rai,2024,4,REG,CLE,LV,Greg Newsome II,NewsGr00,0,2,0,0,,,0,,39.6,16.5,,,0,0,0,0,0,0,0,
2024_04_CLE_LV,202409290rai,2024,4,REG,CLE,LV,Rodney McLeod,McLeRo00,0,0,0,,,,,,,,,,0,0,0,0,0,2,1,0.333
2024_04_CLE_LV,202409290rai,2024,4,REG,CLE,LV,Jordan Hicks,HickJo00,0,0,0,,,,,,,,,,0,0,0,0,0,1,1,0.5
2024_04_CLE_LV,202409290rai,2024,4,REG,CLE,LV,Dalvin Tomlinson,TomlDa00,0,0,0,,,,,,,,,,0,0,0,0,0,2,1,0.333
2024_04_BUF_BAL,202409290rav,2024,4,REG,BAL,BUF,Marlon Humphrey,HumpMa00,0,7,5,0.714,17,3.4,2.4,0,74.1,1.6,-4,21,4,0,0,0,0,6,0,0
2024_04_BUF_BAL,202409290rav,2024,4,REG,BAL,BUF,Roquan Smith,SmitRo07,0,5,4,0.8,48,12,9.6,0,106.7,6.6,28,20,5,0,0,0,0,6,0,0
2024_04_BUF_BAL,202409290rav,2024,4,REG,BAL,BUF,Kyle Hamilton,HamiKy00,0,3,3,1,13,4.3,4.3,0,84.7,2.7,8,5,2,0,0,0,0,7,1,0.125
2024_04_BUF_BAL,202409290rav,2024,4,REG,BAL,BUF,Brandon Stephens,StepBr01,0,7,2,0.286,45,22.5,6.4,0,53.9,23.4,42,3,0,0,0,0,0,4,0,0
2024_04_BUF_BAL,202409290rav,2024,4,REG,BAL,BUF,Eddie Jackson,JackEd01,0,2,1,0.5,52,52,26,0,95.8,26.5,37,15,1,0,1,0,1,2,0,0
2024_04_BUF_BAL,202409290rav,2024,4,REG,BAL,BUF,Ar'Darius Washington,WashAr00,0,1,1,1,2,2,2,0,79.2,2,2,0,1,0,0,0,0,1,0,0
2024_04_BUF_BAL,202409290rav,2024,4,REG,BAL,BUF,Nate Wiggins,WiggNa00,0,2,1,0.5,5,5,2.5,0,56.2,8,6,-1,0,0,0,0,0,2,0,0
2024_04_BUF_BAL,202409290rav,2024,4,REG,BAL,BUF,Kyle Van Noy,VanNKy00,0,0,0,,,,,,,,,,0,0,2,2,4,2,0,0
2024_04_BUF_BAL,202409290rav,2024,4,REG,BAL,BUF,Odafe Oweh,OwehJa00,0,0,0,,,,,,,,,,0,0,1,1,2,2,0,0
2024_04_BUF_BAL,202409290rav,2024,4,REG,BAL,BUF,David Ojabo,OjabDa00,0,0,0,,,,,,,,,,0,0,1,0,1,2,0,0
2024_04_BUF_BAL,202409290rav,2024,4,REG,BAL,BUF,Nnamdi Madubuike,MaduJu00,0,0,0,,,,,,,,,,0,0,1,0,1,1,0,0
2024_04_BUF_BAL,202409290rav,2024,4,REG,BAL,BUF,T.J. Tampa,TampTJ00,0,0,0,,,,,,,,,,0,0,0,0,0,1,1,0.5
2024_04_BUF_BAL,202409290rav,2024,4,REG,BUF,BAL,Cameron Lewis,LewiCa00,0,4,4,1,53,13.3,13.3,0,118.7,1.3,5,48,0,0,0,0,0,6,3,0.333
2024_04_BUF_BAL,202409290rav,2024,4,REG,BUF,BAL,Dorian Williams,WillDo04,0,4,2,0.5,23,11.5,5.8,1,107.3,9.3,19,4,2,0,1,0,1,12,1,0.077
2024_04_BUF_BAL,202409290rav,2024,4,REG,BUF,BAL,Baylon Spector,SpecBa00,0,2,2,1,38,19,19,0,118.7,17,34,4,2,0,0,1,1,6,0,0
2024_04_BUF_BAL,202409290rav,2024,4,REG,BUF,BAL,Nicholas Morrow,MorrNi00,0,2,2,1,14,7,7,1,135.4,0,0,14,0,0,0,0,0,1,0,0
2024_04_BUF_BAL,202409290rav,2024,4,REG,BUF,BAL,Cole Bishop,BishCo00,0,1,1,1,4,4,4,0,83.3,4,4,0,0,0,0,0,0,6,1,0.143
2024_04_BUF_BAL,202409290rav,2024,4,REG,BUF,BAL,Gregory Rousseau,RousGr00,0,1,1,1,23,23,23,0,118.7,22,22,1,0,0,0,0,0,2,0,0
2024_04_BUF_BAL,202409290rav,2024,4,REG,BUF,BAL,Christian Benford,BenfCh00,0,2,1,0.5,15,15,7.5,0,75,10,-5,20,0,0,0,0,0,4,0,0
2024_04_BUF_BAL,202409290rav,2024,4,REG,BUF,BAL,Damar Hamlin,HamlDa00,0,2,1,0.5,23,23,11.5,0,91.7,21.5,22,1,0,0,0,0,0,3,0,0
2024_04_BUF_BAL,202409290rav,2024,4,REG,BUF,BAL,Rasul Douglas,DougRa00,0,1,1,1,-2,-2,-2,0,79.2,-3,-3,1,0,0,0,0,0,7,0,0
2024_04_BUF_BAL,202409290rav,2024,4,REG,BUF,BAL,Kaiir Elam,ElamKa00,0,1,1,1,1,1,1,0,79.2,0,0,1,0,0,0,0,0,1,0,0
2024_04_BUF_BAL,202409290rav,2024,4,REG,BUF,BAL,Javon Solomon,SoloJa00,0,0,0,,,,,,,,,,0,0,1,0,1,1,0,0
2024_04_BUF_BAL,202409290rav,2024,4,REG,BUF,BAL,Taylor Rapp,RappTa00,0,0,0,,,,,,,,,,1,0,0,0,0,2,0,0
2024_04_TEN_MIA,202409300mia,2024,4,REG,MIA,TEN,Jordyn Brooks,BrooJo01,0,4,3,0.75,26,8.7,6.5,0,91.7,-0.5,-5,31,1,0,0,1,1,13,0,0
2024_04_TEN_MIA,202409300mia,2024,4,REG,MIA,TEN,Kader Kohou,KohoKa00,0,3,3,1,36,12,12,0,116.7,5.7,17,19,0,0,0,0,0,1,0,0
2024_04_TEN_MIA,202409300mia,2024,4,REG,MIA,TEN,Storm Duck,DuckSt00,0,4,2,0.5,8,4,2,0,56.2,7.3,8,0,0,0,0,0,0,3,0,0
2024_04_TEN_MIA,202409300mia,2024,4,REG,MIA,TEN,Anthony Walker,WalkAn01,0,1,1,1,16,16,16,0,118.7,16,16,0,0,1,0,0,1,9,0,0
2024_04_TEN_MIA,202409300mia,2024,4,REG,MIA,TEN,Jordan Poyer,PoyeJo00,0,1,1,1,15,15,15,0,118.7,15,15,0,0,0,0,0,0,0,1,1
2024_04_TEN_MIA,202409300mia,2024,4,REG,MIA,TEN,Jalen Ramsey,RamsJa00,0,3,1,0.333,5,5,1.7,0,42.4,2.3,5,0,0,0,0,0,0,4,0,0
2024_04_TEN_MIA,202409300mia,2024,4,REG,MIA,TEN,Duke Riley,RileDu00,0,1,1,1,4,4,4,0,83.3,1,1,3,1,0,0,0,0,5,0,0
2024_04_TEN_MIA,202409300mia,2024,4,REG,MIA,TEN,Emmanuel Ogbah,OgbaEm00,1,1,0,0,,,0,,0,6,,,0,1,1,0,2,6,1,0.143
2024_04_TEN_MIA,202409300mia,2024,4,REG,MIA,TEN,Zach Sieler,SielZa00,0,0,0,,,,,,,,,,0,0,1,0,1,5,2,0.286
2024_04_TEN_MIA,202409300mia,2024,4,REG,MIA,TEN,Calais Campbell,CampCa99,0,0,0,,,,,,,,,,0,0,0,0,0,5,2,0.286
2024_04_TEN_MIA,202409300mia,2024,4,REG,MIA,TEN,Braxton Berrios,BerrBr00,0,0,0,,,,,,,,,,1,0,0,0,0,0,0,
2024_04_TEN_MIA,202409300mia,2024,4,REG,TEN,MIA,Jarvis Brownlee,BrowJa09,0,5,3,0.6,9,3,1.8,0,64.6,1.6,-2,11,0,0,0,0,0,5,0,0
2024_04_TEN_MIA,202409300mia,2024,4,REG,TEN,MIA,Ernest Jones,JoneEr01,0,3,3,1,43,14.3,14.3,0,118.7,7,21,22,0,0,0,0,0,5,1,0.167
2024_04_TEN_MIA,202409300mia,2024,4,REG,TEN,MIA,Kenneth Murray,MurrKe00,0,4,3,0.75,17,5.7,4.3,0,82.3,2,13,4,0,0,0,0,0,9,0,0
2024_04_TEN_MIA,202409300mia,2024,4,REG,TEN,MIA,Roger McCreary,McCrRo01,0,3,2,0.667,8,4,2.7,0,70.1,2,-7,15,0,0,0,0,0,1,0,0
2024_04_TEN_MIA,202409300mia,2024,4,REG,TEN,MIA,Darrell Baker,BakeDa02,0,1,1,1,0,0,0,0,79.2,-5,-5,5,0,0,0,0,0,3,0,0
2024_04_TEN_MIA,202409300mia,2024,4,REG,TEN,MIA,Quandre Diggs,DiggQu00,0,1,1,1,2,2,2,0,79.2,4,4,-2,0,0,0,0,0,4,0,0
2024_04_TEN_MIA,202409300mia,2024,4,REG,TEN,MIA,L'Jarius Sneed,SneeLJ00,0,3,1,0.333,17,17,5.7,0,53.5,31,17,0,0,0,0,0,0,3,1,0.25
2024_04_TEN_MIA,202409300mia,2024,4,REG,TEN,MIA,Sebastian Joseph-Day,JoseSe00,0,0,0,,,,,,,,,,0,0,1,1,2,6,0,0
2024_04_TEN_MIA,202409300mia,2024,4,REG,TEN,MIA,Harold Landry,LandHa00,0,0,0,,,,,,,,,,0,0,1,1,2,5,0,0
2024_04_TEN_MIA,202409300mia,2024,4,REG,TEN,MIA,T'Vondre Sweat,SweaTV01,0,0,0,,,,,,,,,,0,1,0,0,1,6,0,0
2024_04_TEN_MIA,202409300mia,2024,4,REG,TEN,MIA,Arden Key,KeyxAr00,0,0,0,,,,,,,,,,0,0,1,0,1,1,0,0
2024_04_TEN_MIA,202409300mia,2024,4,REG,TEN,MIA,Amani Hooker,HookAm00,0,1,0,0,,,0,,39.6,34,,,0,0,0,0,0,5,0,0
2024_04_SEA_DET,202409300det,2024,4,REG,DET,SEA,Amik Robertson,RobeAm00,0,10,8,0.8,62,7.8,6.2,0,92.5,4.6,34,28,0,0,0,0,0,8,0,0
2024_04_SEA_DET,202409300det,2024,4,REG,DET,SEA,Alex Anzalone,AnzaAl00,0,8,7,0.875,52,7.4,6.5,1,133.3,1.6,9,43,5,0,2,0,2,7,3,0.3
2024_04_SEA_DET,202409300det,2024,4,REG,DET,SEA,Carlton Davis,DaviCa02,0,12,7,0.583,100,14.3,8.3,0,85.4,11.8,80,20,0,0,0,0,0,7,2,0.222
2024_04_SEA_DET,202409300det,2024,4,REG,DET,SEA,Jack Campbell,CampJa04,0,6,5,0.833,70,14,11.7,0,115.3,6.8,37,33,4,0,0,0,0,7,2,0.222
2024_04_SEA_DET,202409300det,2024,4,REG,DET,SEA,Terrion Arnold,ArnoTe00,0,8,3,0.375,18,6,2.3,0,45.8,5,9,9,0,0,0,0,0,5,0,0
2024_04_SEA_DET,202409300det,2024,4,REG,DET,SEA,Malcolm Rodriguez,RodrMa00,0,2,2,1,13,6.5,6.5,0,93.7,3,6,7,5,0,0,1,1,5,2,0.286
2024_04_SEA_DET,202409300det,2024,4,REG,DET,SEA,Aidan Hutchinson,HutcAi00,0,1,1,1,18,18,18,0,118.7,-1,-1,19,2,2,3,0,5,0,1,1
2024_04_SEA_DET,202409300det,2024,4,REG,DET,SEA,Levi Onwuzurike,OnwuLe00,0,1,1,1,7,7,7,0,95.8,-6,-6,13,0,1,0,0.5,2,3,0,0
2024_04_SEA_DET,202409300det,2024,4,REG,DET,SEA,Josh Paschal,PascJo00,0,1,1,1,3,3,3,0,79.2,-1,-1,4,0,1,0,0,1,2,0,0
2024_04_SEA_DET,202409300det,2024,4,REG,DET,SEA,Kerby Joseph,JoseKe03,1,2,1,0.5,10,10,5,0,25,14.5,9,1,2,1,0,0,1,9,1,0.1
2024_04_SEA_DET,202409300det,2024,4,REG,DET,SEA,Ben Niemann,NiemBe00,0,1,1,1,18,18,18,0,118.7,2,2,16,6,0,0,0,0,2,1,0.333
2024_04_SEA_DET,202409300det,2024,4,REG,DET,SEA,James Houston,HousJa01,0,1,1,1,8,8,8,0,100,3,3,5,1,0,0,0,0,0,0,
2024_04_SEA_DET,202409300det,2024,4,REG,DET,SEA,D.J. Reader,ReadD.00,0,0,0,,,,,,,,,,0,0,0,1,1,1,0,0
2024_04_SEA_DET,202409300det,2024,4,REG,DET,SEA,Alim McNeill,McNeAl00,0,0,0,,,,,,,,,,1,0,0,0.5,1,2,0,0
2024_04_SEA_DET,202409300det,2024,4,REG,DET,SEA,Jalen Reeves-Maybin,ReevJa00,0,0,0,,,,,,,,,,3,0,0,0,0,2,0,0
2024_04_SEA_DET,202409300det,2024,4,REG,DET,SEA,Trevor Nowaske,NowaTr00,0,0,0,,,,,,,,,,1,0,0,0,0,0,0,
2024_04_SEA_DET,202409300det,2024,4,REG,SEA,DET,Devon Witherspoon,WithDe00,0,5,5,1,137,27.4,27.4,1,158.3,5.8,29,108,4,0,1,0,1,4,2,0.333
2024_04_SEA_DET,202409300det,2024,4,REG,SEA,DET,Tyrel Dodson,DodsTy01,0,3,3,1,36,12,12,0,116.7,3.3,10,26,1,0,0,0,0,10,3,0.231
2024_04_SEA_DET,202409300det,2024,4,REG,SEA,DET,Coby Bryant,BryaCo01,0,2,2,1,37,18.5,18.5,1,158.3,13.5,27,10,0,0,0,0,0,2,0,0
2024_04_SEA_DET,202409300det,2024,4,REG,SEA,DET,Julian Love,LoveJu00,0,2,2,1,6,3,3,0,79.2,-2,-4,10,0,0,0,0,0,4,0,0
2024_04_SEA_DET,202409300det,2024,4,REG,SEA,DET,Trevis Gipson,GipsTr00,0,2,2,1,16,8,8,1,139.6,1.5,3,13,1,0,0,0,0,0,1,1
2024_04_SEA_DET,202409300det,2024,4,REG,SEA,DET,Rayshawn Jenkins,JenkRa00,0,2,2,1,43,21.5,21.5,0,118.7,-2,-4,47,1,0,0,0,0,5,0,0
2024_04_SEA_DET,202409300det,2024,4,REG,SEA,DET,Tyus Bowser,BowsTy00,0,1,1,1,10,10,10,0,108.3,4,4,6,2,1,0,0,1,1,1,0.5
2024_04_SEA_DET,202409300det,2024,4,REG,SEA,DET,Tyrice Knight,KnigTy00,0,1,1,1,4,4,4,0,83.3,4,4,0,0,0,0,0,0,9,1,0.1
2024_04_SEA_DET,202409300det,2024,4,REG,SEA,DET,Riq Woolen,WoolTa00,0,1,1,1,10,10,10,0,108.3,10,10,0,0,0,0,0,0,3,0,0
2024_04_SEA_DET,202409300det,2024,4,REG,SEA,DET,Derick Hall,HallDe04,0,0,0,,,,,,,,,,5,1,0,1,2,4,0,0
2024_04_SEA_DET,202409300det,2024,4,REG,SEA,DET,Jarran Reed,ReedJa02,0,0,0,,,,,,,,,,0,1,0,1,2,4,0,0
2024_04_SEA_DET,202409300det,2024,4,REG,SEA,DET,Dre'Mont Jones,JoneDr00,0,0,0,,,,,,,,,,2,0,0,1,1,2,1,0.333
2024_04_SEA_DET,202409300det,2024,4,REG,SEA,DET,Drake Thomas,ThomDr00,0,0,0,,,,,,,,,,1,0,0,0,0,2,0,0
2024_05_TB_ATL,202410030atl,2024,5,REG,ATL,TB,Jessie Bates III,BateJe00,0,4,4,1,45,11.3,11.3,0,113.5,2.3,9,36,2,0,0,0,0,8,0,0
2024_05_TB_ATL,202410030atl,2024,5,REG,ATL,TB,DeAundre Alford,AlfoDe00,0,2,2,1,25,12.5,12.5,0,118.7,11,22,3,0,0,0,0,0,3,0,0
2024_05_TB_ATL,202410030atl,2024,5,REG,ATL,TB,Justin Simmons,SimmJu00,0,2,2,1,5,2.5,2.5,0,79.2,-0.5,-1,6,0,0,0,0,0,3,1,0.25
2024_05_TB_ATL,202410030atl,2024,5,REG,ATL,TB,JD Bertrand,BertJD00,0,3,2,0.667,22,11,7.3,0,88.2,2,3,19,0,0,0,0,0,5,0,0
2024_05_TB_ATL,202410030atl,2024,5,REG,ATL,TB,AJ Terrell,TerrAJ00,0,5,2,0.4,28,14,5.6,1,98.3,3.4,14,14,0,0,0,0,0,4,0,0
2024_05_TB_ATL,202410030atl,2024,5,REG,ATL,TB,Antonio Hamilton,HamiAn01,0,2,2,1,27,13.5,13.5,2,158.3,12,24,3,3,0,0,0,0,2,0,0
2024_05_TB_ATL,202410030atl,2024,5,REG,ATL,TB,David Onyemata,OnyeDa00,0,1,1,1,-2,-2,-2,0,79.2,-8,-8,6,0,0,0,1,1,2,0,0
2024_05_TB_ATL,202410030atl,2024,5,REG,ATL,TB,Clark Phillips,PhilCl00,0,1,1,1,-2,-2,-2,0,79.2,-2,-2,0,0,0,0,0,0,1,0,0
2024_05_TB_ATL,202410030atl,2024,5,REG,ATL,TB,Mike Hughes,HughMi00,0,3,1,0.333,10,10,3.3,0,43.7,17,4,6,0,0,0,0,0,2,0,0
2024_05_TB_ATL,202410030atl,2024,5,REG,ATL,TB,Kaden Elliss,ElliKa00,0,1,1,1,22,22,22,0,118.7,3,3,19,3,0,0,0,0,7,0,0
2024_05_TB_ATL,202410030atl,2024,5,REG,ATL,TB,Lorenzo Carter,CartLo01,0,1,1,1,11,11,11,0,112.5,-3,-3,14,2,0,0,0,0,2,0,0
2024_05_TB_ATL,202410030atl,2024,5,REG,ATL,TB,James Smith-Williams,SmitJa08,0,0,0,,,,,,,,,,2,0,0,0,0,5,0,0
2024_05_TB_ATL,202410030atl,2024,5,REG,TB,ATL,Tykee Smith,SmitTy05,0,10,8,0.8,90,11.3,9,2,143.7,7.9,71,19,2,0,0,0,0,11,1,0.083
2024_05_TB_ATL,202410030atl,2024,5,REG,TB,ATL,Zyon McCollum,McCoZy02,0,12,8,0.667,131,16.4,10.9,2,142.7,9.5,57,74,0,0,0,0,0,10,1,0.091
2024_05_TB_ATL,202410030atl,2024,5,REG,TB,ATL,Jamel Dean,DeanJa00,0,10,7,0.7,70,10,7,0,89.6,9.8,41,29,0,0,0,0,0,9,0,0
2024_05_TB_ATL,202410030atl,2024,5,REG,TB,ATL,K.J. Britt,BritKJ00,0,5,5,1,43,8.6,8.6,0,102.5,3,15,28,0,0,0,0,0,9,0,0
2024_05_TB_ATL,202410030atl,2024,5,REG,TB,ATL,Lavonte David,DaviLa00,1,7,5,0.714,52,10.4,7.4,0,53,5,17,35,5,0,0,0,0,8,2,0.2
2024_05_TB_ATL,202410030atl,2024,5,REG,TB,ATL,Jordan Whitehead,WhitJo03,0,4,3,0.75,51,17,12.8,0,116.7,10.8,29,22,3,0,1,0,1,5,0,0
2024_05_TB_ATL,202410030atl,2024,5,REG,TB,ATL,Christian Izien,IzieCh00,0,3,3,1,55,18.3,18.3,0,118.7,13.7,41,14,2,0,0,0,0,7,1,0.125
2024_05_TB_ATL,202410030atl,2024,5,REG,TB,ATL,YaYa Diaby,DiabYa00,0,1,1,1,3,3,3,0,79.2,2,2,1,2,0,2,0,2,5,1,0.167
2024_05_TB_ATL,202410030atl,2024,5,REG,TB,ATL,Joe Tryon-Shoyinka,TryoJo00,0,1,1,1,6,6,6,0,91.7,-6,-6,12,1,0,1,0,1,2,0,0
2024_05_TB_ATL,202410030atl,2024,5,REG,TB,ATL,Chris Braswell,BrasCh01,0,1,1,1,8,8,8,0,100,4,4,4,0,0,0,0,0,1,0,0
2024_05_TB_ATL,202410030atl,2024,5,REG,TB,ATL,Logan Hall,HallLo00,0,0,0,,,,,,,,,,0,0,3,2,5,2,0,0
2024_05_TB_ATL,202410030atl,2024,5,REG,TB,ATL,Vita Vea,VeaxVi00,0,0,0,,,,,,,,,,0,0,0,1,1,2,0,0
2024_05_TB_ATL,202410030atl,2024,5,REG,TB,ATL,Anthony Nelson,NelsAn01,0,0,0,,,,,,,,,,0,0,0,1,1,1,0,0
2024_05_TB_ATL,202410030atl,2024,5,REG,TB,ATL,J.J. Russell,RussJJ00,0,0,0,,,,,,,,,,1,0,0,0,0,0,0,
